Course,University,URL
"Arts, Technology and the Business of Innovation",University of Southern California,http://catalogue.usc.edu/content.php?filter%5B27%5D=-1&filter%5B29%5D=&filter%5Bcourse_type%5D=1776&filter%5Bkeyword%5D=&filter%5B32%5D=1&filter%5Bcpage%5D=1&cur_cat_oid=8&expand=&navoid=2389&search_database=Filter#acalog_template_course_filter
Accounting,University of Southern California,http://catalogue.usc.edu/content.php?filter%5B27%5D=-1&filter%5B29%5D=&filter%5Bcourse_type%5D=1777&filter%5Bkeyword%5D=&filter%5B32%5D=1&filter%5Bcpage%5D=1&cur_cat_oid=8&expand=&navoid=2389&search_database=Filter#acalog_template_course_filter
Academic Medicine,University of Southern California,http://catalogue.usc.edu/content.php?filter%5B27%5D=-1&filter%5B29%5D=&filter%5Bcourse_type%5D=1778&filter%5Bkeyword%5D=&filter%5B32%5D=1&filter%5Bcpage%5D=1&cur_cat_oid=8&expand=&navoid=2389&search_database=Filter#acalog_template_course_filter
Advanced Dental Education Conjoint Program,University of Southern California,http://catalogue.usc.edu/content.php?filter%5B27%5D=-1&filter%5B29%5D=&filter%5Bcourse_type%5D=1779&filter%5Bkeyword%5D=&filter%5B32%5D=1&filter%5Bcpage%5D=1&cur_cat_oid=8&expand=&navoid=2389&search_database=Filter#acalog_template_course_filter
Aerospace Studies,University of Southern California,http://catalogue.usc.edu/content.php?filter%5B27%5D=-1&filter%5B29%5D=&filter%5Bcourse_type%5D=1780&filter%5Bkeyword%5D=&filter%5B32%5D=1&filter%5Bcpage%5D=1&cur_cat_oid=8&expand=&navoid=2389&search_database=Filter#acalog_template_course_filter
Art History,University of Southern California,http://catalogue.usc.edu/content.php?filter%5B27%5D=-1&filter%5B29%5D=&filter%5Bcourse_type%5D=1781&filter%5Bkeyword%5D=&filter%5B32%5D=1&filter%5Bcpage%5D=1&cur_cat_oid=8&expand=&navoid=2389&search_database=Filter#acalog_template_course_filter
American Language Institute,University of Southern California,http://catalogue.usc.edu/content.php?filter%5B27%5D=-1&filter%5B29%5D=&filter%5Bcourse_type%5D=1782&filter%5Bkeyword%5D=&filter%5B32%5D=1&filter%5Bcpage%5D=1&cur_cat_oid=8&expand=&navoid=2389&search_database=Filter#acalog_template_course_filter
Aerospace and Mechanical Engineering,University of Southern California,http://catalogue.usc.edu/content.php?filter%5B27%5D=-1&filter%5B29%5D=&filter%5Bcourse_type%5D=1783&filter%5Bkeyword%5D=&filter%5B32%5D=1&filter%5Bcpage%5D=1&cur_cat_oid=8&expand=&navoid=2389&search_database=Filter#acalog_template_course_filter
Anesthesia and Medicine,University of Southern California,http://catalogue.usc.edu/content.php?filter%5B27%5D=-1&filter%5B29%5D=&filter%5Bcourse_type%5D=1784&filter%5Bkeyword%5D=&filter%5B32%5D=1&filter%5Bcpage%5D=1&cur_cat_oid=8&expand=&navoid=2389&search_database=Filter#acalog_template_course_filter
American Studies and Ethnicity,University of Southern California,http://catalogue.usc.edu/content.php?filter%5B27%5D=-1&filter%5B29%5D=&filter%5Bcourse_type%5D=1785&filter%5Bkeyword%5D=&filter%5B32%5D=1&filter%5Bcpage%5D=1&cur_cat_oid=8&expand=&navoid=2389&search_database=Filter#acalog_template_course_filter
Anatomy,University of Southern California,http://catalogue.usc.edu/content.php?filter%5B27%5D=-1&filter%5B29%5D=&filter%5Bcourse_type%5D=1786&filter%5Bkeyword%5D=&filter%5B32%5D=1&filter%5Bcpage%5D=1&cur_cat_oid=8&expand=&navoid=2389&search_database=Filter#acalog_template_course_filter
Anesthesiology,University of Southern California,http://catalogue.usc.edu/content.php?filter%5B27%5D=-1&filter%5B29%5D=&filter%5Bcourse_type%5D=1787&filter%5Bkeyword%5D=&filter%5B32%5D=1&filter%5Bcpage%5D=1&cur_cat_oid=8&expand=&navoid=2389&search_database=Filter#acalog_template_course_filter
Anthropology,University of Southern California,http://catalogue.usc.edu/content.php?filter%5B27%5D=-1&filter%5B29%5D=&filter%5Bcourse_type%5D=1998&filter%5Bkeyword%5D=&filter%5B32%5D=1&filter%5Bcpage%5D=1&cur_cat_oid=8&expand=&navoid=2389&search_database=Filter#acalog_template_course_filter
Arabic,University of Southern California,http://catalogue.usc.edu/content.php?filter%5B27%5D=-1&filter%5B29%5D=&filter%5Bcourse_type%5D=1788&filter%5Bkeyword%5D=&filter%5B32%5D=1&filter%5Bcpage%5D=1&cur_cat_oid=8&expand=&navoid=2389&search_database=Filter#acalog_template_course_filter
Archaeology,University of Southern California,http://catalogue.usc.edu/content.php?filter%5B27%5D=-1&filter%5B29%5D=&filter%5Bcourse_type%5D=2013&filter%5Bkeyword%5D=&filter%5B32%5D=1&filter%5Bcpage%5D=1&cur_cat_oid=8&expand=&navoid=2389&search_database=Filter#acalog_template_course_filter
Architecture,University of Southern California,http://catalogue.usc.edu/content.php?filter%5B27%5D=-1&filter%5B29%5D=&filter%5Bcourse_type%5D=1789&filter%5Bkeyword%5D=&filter%5B32%5D=1&filter%5Bcpage%5D=1&cur_cat_oid=8&expand=&navoid=2389&search_database=Filter#acalog_template_course_filter
Art,University of Southern California,http://catalogue.usc.edu/content.php?filter%5B27%5D=-1&filter%5B29%5D=&filter%5Bcourse_type%5D=1790&filter%5Bkeyword%5D=&filter%5B32%5D=1&filter%5Bcpage%5D=1&cur_cat_oid=8&expand=&navoid=2389&search_database=Filter#acalog_template_course_filter
Arts and Letters,University of Southern California,http://catalogue.usc.edu/content.php?filter%5B27%5D=-1&filter%5B29%5D=&filter%5Bcourse_type%5D=1791&filter%5Bkeyword%5D=&filter%5B32%5D=1&filter%5Bcpage%5D=1&cur_cat_oid=8&expand=&navoid=2389&search_database=Filter#acalog_template_course_filter
Arts Leadership,University of Southern California,http://catalogue.usc.edu/content.php?filter%5B27%5D=-1&filter%5B29%5D=&filter%5Bcourse_type%5D=1792&filter%5Bkeyword%5D=&filter%5B32%5D=1&filter%5Bcpage%5D=1&cur_cat_oid=8&expand=&navoid=2389&search_database=Filter#acalog_template_course_filter
Communication and Journalism,University of Southern California,http://catalogue.usc.edu/content.php?filter%5B27%5D=-1&filter%5B29%5D=&filter%5Bcourse_type%5D=1793&filter%5Bkeyword%5D=&filter%5B32%5D=1&filter%5Bcpage%5D=1&cur_cat_oid=8&expand=&navoid=2389&search_database=Filter#acalog_template_course_filter
Astronautics and Space Technology,University of Southern California,http://catalogue.usc.edu/content.php?filter%5B27%5D=-1&filter%5B29%5D=&filter%5Bcourse_type%5D=1794&filter%5Bkeyword%5D=&filter%5B32%5D=1&filter%5Bcpage%5D=1&cur_cat_oid=8&expand=&navoid=2389&search_database=Filter#acalog_template_course_filter
Astronomy,University of Southern California,http://catalogue.usc.edu/content.php?filter%5B27%5D=-1&filter%5B29%5D=&filter%5Bcourse_type%5D=1795&filter%5Bkeyword%5D=&filter%5B32%5D=1&filter%5Bcpage%5D=1&cur_cat_oid=8&expand=&navoid=2389&search_database=Filter#acalog_template_course_filter
Business Entrepreneurship,University of Southern California,http://catalogue.usc.edu/content.php?filter%5B27%5D=-1&filter%5B29%5D=&filter%5Bcourse_type%5D=1796&filter%5Bkeyword%5D=&filter%5B32%5D=1&filter%5Bcpage%5D=1&cur_cat_oid=8&expand=&navoid=2389&search_database=Filter#acalog_template_course_filter
Biochemistry,University of Southern California,http://catalogue.usc.edu/content.php?filter%5B27%5D=-1&filter%5B29%5D=&filter%5Bcourse_type%5D=1797&filter%5Bkeyword%5D=&filter%5B32%5D=1&filter%5Bcpage%5D=1&cur_cat_oid=8&expand=&navoid=2389&search_database=Filter#acalog_template_course_filter
Biological Sciences,University of Southern California,http://catalogue.usc.edu/content.php?filter%5B27%5D=-1&filter%5B29%5D=&filter%5Bcourse_type%5D=1798&filter%5Bkeyword%5D=&filter%5B32%5D=1&filter%5Bcpage%5D=1&cur_cat_oid=8&expand=&navoid=2389&search_database=Filter#acalog_template_course_filter
Biokinesiology,University of Southern California,http://catalogue.usc.edu/content.php?filter%5B27%5D=-1&filter%5B29%5D=&filter%5Bcourse_type%5D=1799&filter%5Bkeyword%5D=&filter%5B32%5D=1&filter%5Bcpage%5D=1&cur_cat_oid=8&expand=&navoid=2389&search_database=Filter#acalog_template_course_filter
Biopharmaceutical Marketing,University of Southern California,http://catalogue.usc.edu/content.php?filter%5B27%5D=-1&filter%5B29%5D=&filter%5Bcourse_type%5D=2544&filter%5Bkeyword%5D=&filter%5B32%5D=1&filter%5Bcpage%5D=1&cur_cat_oid=8&expand=&navoid=2389&search_database=Filter#acalog_template_course_filter
Biomaterials and Digital Dentistry,University of Southern California,http://catalogue.usc.edu/content.php?filter%5B27%5D=-1&filter%5B29%5D=&filter%5Bcourse_type%5D=2542&filter%5Bkeyword%5D=&filter%5B32%5D=1&filter%5Bcpage%5D=1&cur_cat_oid=8&expand=&navoid=2389&search_database=Filter#acalog_template_course_filter
Biomedical Engineering,University of Southern California,http://catalogue.usc.edu/content.php?filter%5B27%5D=-1&filter%5B29%5D=&filter%5Bcourse_type%5D=1800&filter%5Bkeyword%5D=&filter%5B32%5D=1&filter%5Bcpage%5D=1&cur_cat_oid=8&expand=&navoid=2389&search_database=Filter#acalog_template_course_filter
Business Administration,University of Southern California,http://catalogue.usc.edu/content.php?filter%5B27%5D=-1&filter%5B29%5D=&filter%5Bcourse_type%5D=1801&filter%5Bkeyword%5D=&filter%5B32%5D=1&filter%5Bcpage%5D=1&cur_cat_oid=8&expand=&navoid=2389&search_database=Filter#acalog_template_course_filter
Business Communication,University of Southern California,http://catalogue.usc.edu/content.php?filter%5B27%5D=-1&filter%5B29%5D=&filter%5Bcourse_type%5D=1802&filter%5Bkeyword%5D=&filter%5B32%5D=1&filter%5Bcpage%5D=1&cur_cat_oid=8&expand=&navoid=2389&search_database=Filter#acalog_template_course_filter
Cancer Biology and Genomics,University of Southern California,http://catalogue.usc.edu/content.php?filter%5B27%5D=-1&filter%5B29%5D=&filter%5Bcourse_type%5D=1803&filter%5Bkeyword%5D=&filter%5B32%5D=1&filter%5Bcpage%5D=1&cur_cat_oid=8&expand=&navoid=2389&search_database=Filter#acalog_template_course_filter
Craniofacial Biology,University of Southern California,http://catalogue.usc.edu/content.php?filter%5B27%5D=-1&filter%5B29%5D=&filter%5Bcourse_type%5D=1804&filter%5Bkeyword%5D=&filter%5B32%5D=1&filter%5Bcpage%5D=1&cur_cat_oid=8&expand=&navoid=2389&search_database=Filter#acalog_template_course_filter
Civil Engineering,University of Southern California,http://catalogue.usc.edu/content.php?filter%5B27%5D=-1&filter%5B29%5D=&filter%5Bcourse_type%5D=1805&filter%5Bkeyword%5D=&filter%5B32%5D=1&filter%5Bcpage%5D=1&cur_cat_oid=8&expand=&navoid=2389&search_database=Filter#acalog_template_course_filter
Chemical Engineering,University of Southern California,http://catalogue.usc.edu/content.php?filter%5B27%5D=-1&filter%5B29%5D=&filter%5Bcourse_type%5D=1806&filter%5Bkeyword%5D=&filter%5B32%5D=1&filter%5Bcpage%5D=1&cur_cat_oid=8&expand=&navoid=2389&search_database=Filter#acalog_template_course_filter
Chemistry,University of Southern California,http://catalogue.usc.edu/content.php?filter%5B27%5D=-1&filter%5B29%5D=&filter%5Bcourse_type%5D=1807&filter%5Bkeyword%5D=&filter%5B32%5D=1&filter%5Bcpage%5D=1&cur_cat_oid=8&expand=&navoid=2389&search_database=Filter#acalog_template_course_filter
Classics,University of Southern California,http://catalogue.usc.edu/content.php?filter%5B27%5D=-1&filter%5B29%5D=&filter%5Bcourse_type%5D=1808&filter%5Bkeyword%5D=&filter%5B32%5D=1&filter%5Bcpage%5D=1&cur_cat_oid=8&expand=&navoid=2389&search_database=Filter#acalog_template_course_filter
Community Dentistry,University of Southern California,http://catalogue.usc.edu/content.php?filter%5B27%5D=-1&filter%5B29%5D=&filter%5Bcourse_type%5D=1809&filter%5Bkeyword%5D=&filter%5B32%5D=1&filter%5Bcpage%5D=1&cur_cat_oid=8&expand=&navoid=2389&search_database=Filter#acalog_template_course_filter
Community Oral Health,University of Southern California,http://catalogue.usc.edu/content.php?filter%5B27%5D=-1&filter%5B29%5D=&filter%5Bcourse_type%5D=2549&filter%5Bkeyword%5D=&filter%5B32%5D=1&filter%5Bcpage%5D=1&cur_cat_oid=8&expand=&navoid=2389&search_database=Filter#acalog_template_course_filter
Communication Management,University of Southern California,http://catalogue.usc.edu/content.php?filter%5B27%5D=-1&filter%5B29%5D=&filter%5Bcourse_type%5D=1810&filter%5Bkeyword%5D=&filter%5B32%5D=1&filter%5Bcpage%5D=1&cur_cat_oid=8&expand=&navoid=2389&search_database=Filter#acalog_template_course_filter
Motion Picture Producing,University of Southern California,http://catalogue.usc.edu/content.php?filter%5B27%5D=-1&filter%5B29%5D=&filter%5Bcourse_type%5D=1811&filter%5Bkeyword%5D=&filter%5B32%5D=1&filter%5Bcpage%5D=1&cur_cat_oid=8&expand=&navoid=2389&search_database=Filter#acalog_template_course_filter
Cinematic Arts,University of Southern California,http://catalogue.usc.edu/content.php?filter%5B27%5D=-1&filter%5B29%5D=&filter%5Bcourse_type%5D=1812&filter%5Bkeyword%5D=&filter%5B32%5D=1&filter%5Bcpage%5D=1&cur_cat_oid=8&expand=&navoid=2389&search_database=Filter#acalog_template_course_filter
Comparative Literature,University of Southern California,http://catalogue.usc.edu/content.php?filter%5B27%5D=-1&filter%5B29%5D=&filter%5Bcourse_type%5D=1813&filter%5Bkeyword%5D=&filter%5B32%5D=1&filter%5Bcpage%5D=1&cur_cat_oid=8&expand=&navoid=2389&search_database=Filter#acalog_template_course_filter
Communication,University of Southern California,http://catalogue.usc.edu/content.php?filter%5B27%5D=-1&filter%5B29%5D=&filter%5Bcourse_type%5D=1814&filter%5Bkeyword%5D=&filter%5B32%5D=1&filter%5Bcpage%5D=1&cur_cat_oid=8&expand=&navoid=2389&search_database=Filter#acalog_template_course_filter
Thematic Option,University of Southern California,http://catalogue.usc.edu/content.php?filter%5B27%5D=-1&filter%5B29%5D=&filter%5Bcourse_type%5D=1815&filter%5Bkeyword%5D=&filter%5B32%5D=1&filter%5Bcpage%5D=1&cur_cat_oid=8&expand=&navoid=2389&search_database=Filter#acalog_template_course_filter
School of Art and Design (Critical Studies),University of Southern California,http://catalogue.usc.edu/content.php?filter%5B27%5D=-1&filter%5B29%5D=&filter%5Bcourse_type%5D=1816&filter%5Bkeyword%5D=&filter%5B32%5D=1&filter%5Bcpage%5D=1&cur_cat_oid=8&expand=&navoid=2389&search_database=Filter#acalog_template_course_filter
Computer Science,University of Southern California,http://catalogue.usc.edu/content.php?filter%5B27%5D=-1&filter%5B29%5D=&filter%5Bcourse_type%5D=1817&filter%5Bkeyword%5D=&filter%5B32%5D=1&filter%5Bcpage%5D=1&cur_cat_oid=8&expand=&navoid=2389&search_database=Filter#acalog_template_course_filter
Comparative Studies in Literature and Culture,University of Southern California,http://catalogue.usc.edu/content.php?filter%5B27%5D=-1&filter%5B29%5D=&filter%5Bcourse_type%5D=1818&filter%5Bkeyword%5D=&filter%5B32%5D=1&filter%5Bcpage%5D=1&cur_cat_oid=8&expand=&navoid=2389&search_database=Filter#acalog_template_course_filter
Animation,University of Southern California,http://catalogue.usc.edu/content.php?filter%5B27%5D=-1&filter%5B29%5D=&filter%5Bcourse_type%5D=1819&filter%5Bkeyword%5D=&filter%5B32%5D=1&filter%5Bcpage%5D=1&cur_cat_oid=8&expand=&navoid=2389&search_database=Filter#acalog_template_course_filter
Cinema and Media Studies,University of Southern California,http://catalogue.usc.edu/content.php?filter%5B27%5D=-1&filter%5B29%5D=&filter%5Bcourse_type%5D=1820&filter%5Bkeyword%5D=&filter%5B32%5D=1&filter%5Bcpage%5D=1&cur_cat_oid=8&expand=&navoid=2389&search_database=Filter#acalog_template_course_filter
Interactive Media,University of Southern California,http://catalogue.usc.edu/content.php?filter%5B27%5D=-1&filter%5B29%5D=&filter%5Bcourse_type%5D=1821&filter%5Bkeyword%5D=&filter%5B32%5D=1&filter%5Bcpage%5D=1&cur_cat_oid=8&expand=&navoid=2389&search_database=Filter#acalog_template_course_filter
Production,University of Southern California,http://catalogue.usc.edu/content.php?filter%5B27%5D=-1&filter%5B29%5D=&filter%5Bcourse_type%5D=1822&filter%5Bkeyword%5D=&filter%5B32%5D=1&filter%5Bcpage%5D=1&cur_cat_oid=8&expand=&navoid=2389&search_database=Filter#acalog_template_course_filter
"Curriculum, Teaching and Special Education",University of Southern California,http://catalogue.usc.edu/content.php?filter%5B27%5D=-1&filter%5B29%5D=&filter%5Bcourse_type%5D=1823&filter%5Bkeyword%5D=&filter%5B32%5D=1&filter%5Bcpage%5D=1&cur_cat_oid=8&expand=&navoid=2389&search_database=Filter#acalog_template_course_filter
Writing,University of Southern California,http://catalogue.usc.edu/content.php?filter%5B27%5D=-1&filter%5B29%5D=&filter%5Bcourse_type%5D=1824&filter%5Bkeyword%5D=&filter%5B32%5D=1&filter%5Bcpage%5D=1&cur_cat_oid=8&expand=&navoid=2389&search_database=Filter#acalog_template_course_filter
Clinical and Experimental Therapeutics,University of Southern California,http://catalogue.usc.edu/content.php?filter%5B27%5D=-1&filter%5B29%5D=&filter%5Bcourse_type%5D=1825&filter%5Bkeyword%5D=&filter%5B32%5D=1&filter%5Bcpage%5D=1&cur_cat_oid=8&expand=&navoid=2389&search_database=Filter#acalog_template_course_filter
Dance,University of Southern California,http://catalogue.usc.edu/content.php?filter%5B27%5D=-1&filter%5B29%5D=&filter%5Bcourse_type%5D=1826&filter%5Bkeyword%5D=&filter%5B32%5D=1&filter%5Bcpage%5D=1&cur_cat_oid=8&expand=&navoid=2389&search_database=Filter#acalog_template_course_filter
Dental Biochemistry,University of Southern California,http://catalogue.usc.edu/content.php?filter%5B27%5D=-1&filter%5B29%5D=&filter%5Bcourse_type%5D=1827&filter%5Bkeyword%5D=&filter%5B32%5D=1&filter%5Bcpage%5D=1&cur_cat_oid=8&expand=&navoid=2389&search_database=Filter#acalog_template_course_filter
Dentistry,University of Southern California,http://catalogue.usc.edu/content.php?filter%5B27%5D=-1&filter%5B29%5D=&filter%5Bcourse_type%5D=1828&filter%5Bkeyword%5D=&filter%5B32%5D=1&filter%5Bcpage%5D=1&cur_cat_oid=8&expand=&navoid=2389&search_database=Filter#acalog_template_course_filter
Dental Histology,University of Southern California,http://catalogue.usc.edu/content.php?filter%5B27%5D=-1&filter%5B29%5D=&filter%5Bcourse_type%5D=1829&filter%5Bkeyword%5D=&filter%5B32%5D=1&filter%5Bcpage%5D=1&cur_cat_oid=8&expand=&navoid=2389&search_database=Filter#acalog_template_course_filter
Dental Hygiene,University of Southern California,http://catalogue.usc.edu/content.php?filter%5B27%5D=-1&filter%5B29%5D=&filter%5Bcourse_type%5D=1830&filter%5Bkeyword%5D=&filter%5B32%5D=1&filter%5Bcpage%5D=1&cur_cat_oid=8&expand=&navoid=2389&search_database=Filter#acalog_template_course_filter
Oral Diagnosis and Radiology,University of Southern California,http://catalogue.usc.edu/content.php?filter%5B27%5D=-1&filter%5B29%5D=&filter%5Bcourse_type%5D=1831&filter%5Bkeyword%5D=&filter%5B32%5D=1&filter%5Bcpage%5D=1&cur_cat_oid=8&expand=&navoid=2389&search_database=Filter#acalog_template_course_filter
Dental Materials,University of Southern California,http://catalogue.usc.edu/content.php?filter%5B27%5D=-1&filter%5B29%5D=&filter%5Bcourse_type%5D=1832&filter%5Bkeyword%5D=&filter%5B32%5D=1&filter%5Bcpage%5D=1&cur_cat_oid=8&expand=&navoid=2389&search_database=Filter#acalog_template_course_filter
Dental Problem Based Learning,University of Southern California,http://catalogue.usc.edu/content.php?filter%5B27%5D=-1&filter%5B29%5D=&filter%5Bcourse_type%5D=1833&filter%5Bkeyword%5D=&filter%5B32%5D=1&filter%5Bcpage%5D=1&cur_cat_oid=8&expand=&navoid=2389&search_database=Filter#acalog_template_course_filter
Pharmacology,University of Southern California,http://catalogue.usc.edu/content.php?filter%5B27%5D=-1&filter%5B29%5D=&filter%5Bcourse_type%5D=1834&filter%5Bkeyword%5D=&filter%5B32%5D=1&filter%5Bcpage%5D=1&cur_cat_oid=8&expand=&navoid=2389&search_database=Filter#acalog_template_course_filter
Digital Social Media,University of Southern California,http://catalogue.usc.edu/content.php?filter%5B27%5D=-1&filter%5B29%5D=&filter%5Bcourse_type%5D=1835&filter%5Bkeyword%5D=&filter%5B32%5D=1&filter%5Bcpage%5D=1&cur_cat_oid=8&expand=&navoid=2389&search_database=Filter#acalog_template_course_filter
Data Sciences and Operations,University of Southern California,http://catalogue.usc.edu/content.php?filter%5B27%5D=-1&filter%5B29%5D=&filter%5Bcourse_type%5D=1836&filter%5Bkeyword%5D=&filter%5B32%5D=1&filter%5Bcpage%5D=1&cur_cat_oid=8&expand=&navoid=2389&search_database=Filter#acalog_template_course_filter
"Development, Stem Cells and Regenerative Medicine",University of Southern California,http://catalogue.usc.edu/content.php?filter%5B27%5D=-1&filter%5B29%5D=&filter%5Bcourse_type%5D=1837&filter%5Bkeyword%5D=&filter%5B32%5D=1&filter%5Bcpage%5D=1&cur_cat_oid=8&expand=&navoid=2389&search_database=Filter#acalog_template_course_filter
East Asian Languages and Cultures,University of Southern California,http://catalogue.usc.edu/content.php?filter%5B27%5D=-1&filter%5B29%5D=&filter%5Bcourse_type%5D=1838&filter%5Bkeyword%5D=&filter%5B32%5D=1&filter%5Bcpage%5D=1&cur_cat_oid=8&expand=&navoid=2389&search_database=Filter#acalog_template_course_filter
East Asian Studies,University of Southern California,http://catalogue.usc.edu/content.php?filter%5B27%5D=-1&filter%5B29%5D=&filter%5Bcourse_type%5D=1839&filter%5Bkeyword%5D=&filter%5B32%5D=1&filter%5Bcpage%5D=1&cur_cat_oid=8&expand=&navoid=2389&search_database=Filter#acalog_template_course_filter
Economics,University of Southern California,http://catalogue.usc.edu/content.php?filter%5B27%5D=-1&filter%5B29%5D=&filter%5Bcourse_type%5D=1840&filter%5Bkeyword%5D=&filter%5B32%5D=1&filter%5Bcpage%5D=1&cur_cat_oid=8&expand=&navoid=2389&search_database=Filter#acalog_template_course_filter
Education Counseling,University of Southern California,http://catalogue.usc.edu/content.php?filter%5B27%5D=-1&filter%5B29%5D=&filter%5Bcourse_type%5D=1841&filter%5Bkeyword%5D=&filter%5B32%5D=1&filter%5Bcpage%5D=1&cur_cat_oid=8&expand=&navoid=2389&search_database=Filter#acalog_template_course_filter
Higher and Postsecondary Education,University of Southern California,http://catalogue.usc.edu/content.php?filter%5B27%5D=-1&filter%5B29%5D=&filter%5Bcourse_type%5D=1842&filter%5Bkeyword%5D=&filter%5B32%5D=1&filter%5Bcpage%5D=1&cur_cat_oid=8&expand=&navoid=2389&search_database=Filter#acalog_template_course_filter
"Educational Policy, Planning and Administration",University of Southern California,http://catalogue.usc.edu/content.php?filter%5B27%5D=-1&filter%5B29%5D=&filter%5Bcourse_type%5D=1843&filter%5Bkeyword%5D=&filter%5B32%5D=1&filter%5Bcpage%5D=1&cur_cat_oid=8&expand=&navoid=2389&search_database=Filter#acalog_template_course_filter
Educational Psychology and Technology,University of Southern California,http://catalogue.usc.edu/content.php?filter%5B27%5D=-1&filter%5B29%5D=&filter%5Bcourse_type%5D=1844&filter%5Bkeyword%5D=&filter%5B32%5D=1&filter%5Bcpage%5D=1&cur_cat_oid=8&expand=&navoid=2389&search_database=Filter#acalog_template_course_filter
Education,University of Southern California,http://catalogue.usc.edu/content.php?filter%5B27%5D=-1&filter%5B29%5D=&filter%5Bcourse_type%5D=1845&filter%5Bkeyword%5D=&filter%5B32%5D=1&filter%5Bcpage%5D=1&cur_cat_oid=8&expand=&navoid=2389&search_database=Filter#acalog_template_course_filter
Education Expanded,University of Southern California,http://catalogue.usc.edu/content.php?filter%5B27%5D=-1&filter%5B29%5D=&filter%5Bcourse_type%5D=2548&filter%5Bkeyword%5D=&filter%5B32%5D=1&filter%5Bcpage%5D=1&cur_cat_oid=8&expand=&navoid=2389&search_database=Filter#acalog_template_course_filter
Electrical Engineering,University of Southern California,http://catalogue.usc.edu/content.php?filter%5B27%5D=-1&filter%5B29%5D=&filter%5Bcourse_type%5D=1846&filter%5Bkeyword%5D=&filter%5B32%5D=1&filter%5Bcpage%5D=1&cur_cat_oid=8&expand=&navoid=2389&search_database=Filter#acalog_template_course_filter
Endodontics,University of Southern California,http://catalogue.usc.edu/content.php?filter%5B27%5D=-1&filter%5B29%5D=&filter%5Bcourse_type%5D=1847&filter%5Bkeyword%5D=&filter%5B32%5D=1&filter%5Bcpage%5D=1&cur_cat_oid=8&expand=&navoid=2389&search_database=Filter#acalog_template_course_filter
Environmental Engineering,University of Southern California,http://catalogue.usc.edu/content.php?filter%5B27%5D=-1&filter%5B29%5D=&filter%5Bcourse_type%5D=1848&filter%5Bkeyword%5D=&filter%5B32%5D=1&filter%5Bcpage%5D=1&cur_cat_oid=8&expand=&navoid=2389&search_database=Filter#acalog_template_course_filter
English,University of Southern California,http://catalogue.usc.edu/content.php?filter%5B27%5D=-1&filter%5B29%5D=&filter%5Bcourse_type%5D=1849&filter%5Bkeyword%5D=&filter%5B32%5D=1&filter%5Bcpage%5D=1&cur_cat_oid=8&expand=&navoid=2389&search_database=Filter#acalog_template_course_filter
Engineering,University of Southern California,http://catalogue.usc.edu/content.php?filter%5B27%5D=-1&filter%5B29%5D=&filter%5Bcourse_type%5D=1850&filter%5Bkeyword%5D=&filter%5B32%5D=1&filter%5Bcpage%5D=1&cur_cat_oid=8&expand=&navoid=2389&search_database=Filter#acalog_template_course_filter
Environmental Studies,University of Southern California,http://catalogue.usc.edu/content.php?filter%5B27%5D=-1&filter%5B29%5D=&filter%5Bcourse_type%5D=1851&filter%5Bkeyword%5D=&filter%5B32%5D=1&filter%5Bcpage%5D=1&cur_cat_oid=8&expand=&navoid=2389&search_database=Filter#acalog_template_course_filter
Design,University of Southern California,http://catalogue.usc.edu/content.php?filter%5B27%5D=-1&filter%5B29%5D=&filter%5Bcourse_type%5D=1856&filter%5Bkeyword%5D=&filter%5B32%5D=1&filter%5Bcpage%5D=1&cur_cat_oid=8&expand=&navoid=2389&search_database=Filter#acalog_template_course_filter
Finance and Business Economics,University of Southern California,http://catalogue.usc.edu/content.php?filter%5B27%5D=-1&filter%5B29%5D=&filter%5Bcourse_type%5D=1863&filter%5Bkeyword%5D=&filter%5B32%5D=1&filter%5Bcpage%5D=1&cur_cat_oid=8&expand=&navoid=2389&search_database=Filter#acalog_template_course_filter
Food Industry Management,University of Southern California,http://catalogue.usc.edu/content.php?filter%5B27%5D=-1&filter%5B29%5D=&filter%5Bcourse_type%5D=1864&filter%5Bkeyword%5D=&filter%5B32%5D=1&filter%5Bcpage%5D=1&cur_cat_oid=8&expand=&navoid=2389&search_database=Filter#acalog_template_course_filter
Fixed Prosthodontics,University of Southern California,http://catalogue.usc.edu/content.php?filter%5B27%5D=-1&filter%5B29%5D=&filter%5Bcourse_type%5D=1865&filter%5Bkeyword%5D=&filter%5B32%5D=1&filter%5Bcpage%5D=1&cur_cat_oid=8&expand=&navoid=2389&search_database=Filter#acalog_template_course_filter
French,University of Southern California,http://catalogue.usc.edu/content.php?filter%5B27%5D=-1&filter%5B29%5D=&filter%5Bcourse_type%5D=1866&filter%5Bkeyword%5D=&filter%5B32%5D=1&filter%5Bcpage%5D=1&cur_cat_oid=8&expand=&navoid=2389&search_database=Filter#acalog_template_course_filter
Freshman Seminars,University of Southern California,http://catalogue.usc.edu/content.php?filter%5B27%5D=-1&filter%5B29%5D=&filter%5Bcourse_type%5D=1867&filter%5Bkeyword%5D=&filter%5B32%5D=1&filter%5Bcpage%5D=1&cur_cat_oid=8&expand=&navoid=2389&search_database=Filter#acalog_template_course_filter
Geriatric Dentistry,University of Southern California,http://catalogue.usc.edu/content.php?filter%5B27%5D=-1&filter%5B29%5D=&filter%5Bcourse_type%5D=1868&filter%5Bkeyword%5D=&filter%5B32%5D=1&filter%5Bcpage%5D=1&cur_cat_oid=8&expand=&navoid=2389&search_database=Filter#acalog_template_course_filter
Geography,University of Southern California,http://catalogue.usc.edu/content.php?filter%5B27%5D=-1&filter%5B29%5D=&filter%5Bcourse_type%5D=1869&filter%5Bkeyword%5D=&filter%5B32%5D=1&filter%5Bcpage%5D=1&cur_cat_oid=8&expand=&navoid=2389&search_database=Filter#acalog_template_course_filter
Earth Sciences,University of Southern California,http://catalogue.usc.edu/content.php?filter%5B27%5D=-1&filter%5B29%5D=&filter%5Bcourse_type%5D=1870&filter%5Bkeyword%5D=&filter%5B32%5D=1&filter%5Bcpage%5D=1&cur_cat_oid=8&expand=&navoid=2389&search_database=Filter#acalog_template_course_filter
German,University of Southern California,http://catalogue.usc.edu/content.php?filter%5B27%5D=-1&filter%5B29%5D=&filter%5Bcourse_type%5D=1871&filter%5Bkeyword%5D=&filter%5B32%5D=1&filter%5Bcpage%5D=1&cur_cat_oid=8&expand=&navoid=2389&search_database=Filter#acalog_template_course_filter
Gerontology,University of Southern California,http://catalogue.usc.edu/content.php?filter%5B27%5D=-1&filter%5B29%5D=&filter%5Bcourse_type%5D=1872&filter%5Bkeyword%5D=&filter%5B32%5D=1&filter%5Bcpage%5D=1&cur_cat_oid=8&expand=&navoid=2389&search_database=Filter#acalog_template_course_filter
General Education Seminar,University of Southern California,http://catalogue.usc.edu/content.php?filter%5B27%5D=-1&filter%5B29%5D=&filter%5Bcourse_type%5D=1873&filter%5Bkeyword%5D=&filter%5B32%5D=1&filter%5Bcpage%5D=1&cur_cat_oid=8&expand=&navoid=2389&search_database=Filter#acalog_template_course_filter
General Practice Residency,University of Southern California,http://catalogue.usc.edu/content.php?filter%5B27%5D=-1&filter%5B29%5D=&filter%5Bcourse_type%5D=1997&filter%5Bkeyword%5D=&filter%5B32%5D=1&filter%5Bcpage%5D=1&cur_cat_oid=8&expand=&navoid=2389&search_database=Filter#acalog_template_course_filter
"Global Policy, Planning and Development",University of Southern California,http://catalogue.usc.edu/content.php?filter%5B27%5D=-1&filter%5B29%5D=&filter%5Bcourse_type%5D=1874&filter%5Bkeyword%5D=&filter%5B32%5D=1&filter%5Bcpage%5D=1&cur_cat_oid=8&expand=&navoid=2389&search_database=Filter#acalog_template_course_filter
Greek,University of Southern California,http://catalogue.usc.edu/content.php?filter%5B27%5D=-1&filter%5B29%5D=&filter%5Bcourse_type%5D=1875&filter%5Bkeyword%5D=&filter%5B32%5D=1&filter%5Bcpage%5D=1&cur_cat_oid=8&expand=&navoid=2389&search_database=Filter#acalog_template_course_filter
Graduate Studies,University of Southern California,http://catalogue.usc.edu/content.php?filter%5B27%5D=-1&filter%5B29%5D=&filter%5Bcourse_type%5D=1876&filter%5Bkeyword%5D=&filter%5B32%5D=1&filter%5Bcpage%5D=1&cur_cat_oid=8&expand=&navoid=2389&search_database=Filter#acalog_template_course_filter
Graduate School of Business Administration,University of Southern California,http://catalogue.usc.edu/content.php?filter%5B27%5D=-1&filter%5B29%5D=&filter%5Bcourse_type%5D=1877&filter%5Bkeyword%5D=&filter%5B32%5D=1&filter%5Bcpage%5D=1&cur_cat_oid=8&expand=&navoid=2389&search_database=Filter#acalog_template_course_filter
Geriatric and Special Patient Dentistry,University of Southern California,http://catalogue.usc.edu/content.php?filter%5B27%5D=-1&filter%5B29%5D=&filter%5Bcourse_type%5D=1878&filter%5Bkeyword%5D=&filter%5B32%5D=1&filter%5Bcpage%5D=1&cur_cat_oid=8&expand=&navoid=2389&search_database=Filter#acalog_template_course_filter
Human Behavior,University of Southern California,http://catalogue.usc.edu/content.php?filter%5B27%5D=-1&filter%5B29%5D=&filter%5Bcourse_type%5D=1879&filter%5Bkeyword%5D=&filter%5B32%5D=1&filter%5Bcpage%5D=1&cur_cat_oid=8&expand=&navoid=2389&search_database=Filter#acalog_template_course_filter
Human Biology,University of Southern California,http://catalogue.usc.edu/content.php?filter%5B27%5D=-1&filter%5B29%5D=&filter%5Bcourse_type%5D=1880&filter%5Bkeyword%5D=&filter%5B32%5D=1&filter%5Bcpage%5D=1&cur_cat_oid=8&expand=&navoid=2389&search_database=Filter#acalog_template_course_filter
Health Care Decision Analysis,University of Southern California,http://catalogue.usc.edu/content.php?filter%5B27%5D=-1&filter%5B29%5D=&filter%5Bcourse_type%5D=1881&filter%5Bkeyword%5D=&filter%5B32%5D=1&filter%5Bcpage%5D=1&cur_cat_oid=8&expand=&navoid=2389&search_database=Filter#acalog_template_course_filter
Hebrew,University of Southern California,http://catalogue.usc.edu/content.php?filter%5B27%5D=-1&filter%5B29%5D=&filter%5Bcourse_type%5D=1882&filter%5Bkeyword%5D=&filter%5B32%5D=1&filter%5Bcpage%5D=1&cur_cat_oid=8&expand=&navoid=2389&search_database=Filter#acalog_template_course_filter
History,University of Southern California,http://catalogue.usc.edu/content.php?filter%5B27%5D=-1&filter%5B29%5D=&filter%5Bcourse_type%5D=1883&filter%5Bkeyword%5D=&filter%5B32%5D=1&filter%5Bcpage%5D=1&cur_cat_oid=8&expand=&navoid=2389&search_database=Filter#acalog_template_course_filter
Health Care Management,University of Southern California,http://catalogue.usc.edu/content.php?filter%5B27%5D=-1&filter%5B29%5D=&filter%5Bcourse_type%5D=1884&filter%5Bkeyword%5D=&filter%5B32%5D=1&filter%5Bcpage%5D=1&cur_cat_oid=8&expand=&navoid=2389&search_database=Filter#acalog_template_course_filter
Health Promotion and Disease Prevention Studies,University of Southern California,http://catalogue.usc.edu/content.php?filter%5B27%5D=-1&filter%5B29%5D=&filter%5Bcourse_type%5D=1885&filter%5Bkeyword%5D=&filter%5B32%5D=1&filter%5Bcpage%5D=1&cur_cat_oid=8&expand=&navoid=2389&search_database=Filter#acalog_template_course_filter
Human Resource Management,University of Southern California,http://catalogue.usc.edu/content.php?filter%5B27%5D=-1&filter%5B29%5D=&filter%5Bcourse_type%5D=2008&filter%5Bkeyword%5D=&filter%5B32%5D=1&filter%5Bcpage%5D=1&cur_cat_oid=8&expand=&navoid=2389&search_database=Filter#acalog_template_course_filter
"Integrated Design, Business and Technology",University of Southern California,http://catalogue.usc.edu/content.php?filter%5B27%5D=-1&filter%5B29%5D=&filter%5Bcourse_type%5D=1886&filter%5Bkeyword%5D=&filter%5B32%5D=1&filter%5Bcpage%5D=1&cur_cat_oid=8&expand=&navoid=2389&search_database=Filter#acalog_template_course_filter
Media Arts and Practice,University of Southern California,http://catalogue.usc.edu/content.php?filter%5B27%5D=-1&filter%5B29%5D=&filter%5Bcourse_type%5D=1887&filter%5Bkeyword%5D=&filter%5B32%5D=1&filter%5Bcpage%5D=1&cur_cat_oid=8&expand=&navoid=2389&search_database=Filter#acalog_template_course_filter
Interdisciplinary — Developmental Dentistry,University of Southern California,http://catalogue.usc.edu/content.php?filter%5B27%5D=-1&filter%5B29%5D=&filter%5Bcourse_type%5D=1888&filter%5Bkeyword%5D=&filter%5B32%5D=1&filter%5Bcpage%5D=1&cur_cat_oid=8&expand=&navoid=2389&search_database=Filter#acalog_template_course_filter
Interdisciplinary Major Program,University of Southern California,http://catalogue.usc.edu/content.php?filter%5B27%5D=-1&filter%5B29%5D=&filter%5Bcourse_type%5D=1889&filter%5Bkeyword%5D=&filter%5B32%5D=1&filter%5Bcpage%5D=1&cur_cat_oid=8&expand=&navoid=2389&search_database=Filter#acalog_template_course_filter
Informatics,University of Southern California,http://catalogue.usc.edu/content.php?filter%5B27%5D=-1&filter%5B29%5D=&filter%5Bcourse_type%5D=1890&filter%5Bkeyword%5D=&filter%5B32%5D=1&filter%5Bcpage%5D=1&cur_cat_oid=8&expand=&navoid=2389&search_database=Filter#acalog_template_course_filter
Interdisciplinary — Basic Science,University of Southern California,http://catalogue.usc.edu/content.php?filter%5B27%5D=-1&filter%5B29%5D=&filter%5Bcourse_type%5D=1891&filter%5Bkeyword%5D=&filter%5B32%5D=1&filter%5Bcpage%5D=1&cur_cat_oid=8&expand=&navoid=2389&search_database=Filter#acalog_template_course_filter
Interdepartmental Medicine,University of Southern California,http://catalogue.usc.edu/content.php?filter%5B27%5D=-1&filter%5B29%5D=&filter%5Bcourse_type%5D=1892&filter%5Bkeyword%5D=&filter%5B32%5D=1&filter%5Bcpage%5D=1&cur_cat_oid=8&expand=&navoid=2389&search_database=Filter#acalog_template_course_filter
Interdisciplinary — Practice Dynamics,University of Southern California,http://catalogue.usc.edu/content.php?filter%5B27%5D=-1&filter%5B29%5D=&filter%5Bcourse_type%5D=1893&filter%5Bkeyword%5D=&filter%5B32%5D=1&filter%5Bcpage%5D=1&cur_cat_oid=8&expand=&navoid=2389&search_database=Filter#acalog_template_course_filter
Interdisciplinary — Restorative Dentistry,University of Southern California,http://catalogue.usc.edu/content.php?filter%5B27%5D=-1&filter%5B29%5D=&filter%5Bcourse_type%5D=1894&filter%5Bkeyword%5D=&filter%5B32%5D=1&filter%5Bcpage%5D=1&cur_cat_oid=8&expand=&navoid=2389&search_database=Filter#acalog_template_course_filter
Interdisciplinary — Surgical Sciences,University of Southern California,http://catalogue.usc.edu/content.php?filter%5B27%5D=-1&filter%5B29%5D=&filter%5Bcourse_type%5D=1895&filter%5Bkeyword%5D=&filter%5B32%5D=1&filter%5Bcpage%5D=1&cur_cat_oid=8&expand=&navoid=2389&search_database=Filter#acalog_template_course_filter
Interdisciplinary — Diagnostic Sciences,University of Southern California,http://catalogue.usc.edu/content.php?filter%5B27%5D=-1&filter%5B29%5D=&filter%5Bcourse_type%5D=1896&filter%5Bkeyword%5D=&filter%5B32%5D=1&filter%5Bcpage%5D=1&cur_cat_oid=8&expand=&navoid=2389&search_database=Filter#acalog_template_course_filter
International Relations,University of Southern California,http://catalogue.usc.edu/content.php?filter%5B27%5D=-1&filter%5B29%5D=&filter%5Bcourse_type%5D=1897&filter%5Bkeyword%5D=&filter%5B32%5D=1&filter%5Bcpage%5D=1&cur_cat_oid=8&expand=&navoid=2389&search_database=Filter#acalog_template_course_filter
Persian,University of Southern California,http://catalogue.usc.edu/content.php?filter%5B27%5D=-1&filter%5B29%5D=&filter%5Bcourse_type%5D=1898&filter%5Bkeyword%5D=&filter%5B32%5D=1&filter%5Bcpage%5D=1&cur_cat_oid=8&expand=&navoid=2389&search_database=Filter#acalog_template_course_filter
Industrial and Systems Engineering,University of Southern California,http://catalogue.usc.edu/content.php?filter%5B27%5D=-1&filter%5B29%5D=&filter%5Bcourse_type%5D=1899&filter%5Bkeyword%5D=&filter%5B32%5D=1&filter%5Bcpage%5D=1&cur_cat_oid=8&expand=&navoid=2389&search_database=Filter#acalog_template_course_filter
Italian,University of Southern California,http://catalogue.usc.edu/content.php?filter%5B27%5D=-1&filter%5B29%5D=&filter%5Bcourse_type%5D=1900&filter%5Bkeyword%5D=&filter%5B32%5D=1&filter%5Bcpage%5D=1&cur_cat_oid=8&expand=&navoid=2389&search_database=Filter#acalog_template_course_filter
Information Technology Program,University of Southern California,http://catalogue.usc.edu/content.php?filter%5B27%5D=-1&filter%5B29%5D=&filter%5Bcourse_type%5D=1901&filter%5Bkeyword%5D=&filter%5B32%5D=1&filter%5Bcpage%5D=1&cur_cat_oid=8&expand=&navoid=2389&search_database=Filter#acalog_template_course_filter
Journalism,University of Southern California,http://catalogue.usc.edu/content.php?filter%5B27%5D=-1&filter%5B29%5D=&filter%5Bcourse_type%5D=1902&filter%5Bkeyword%5D=&filter%5B32%5D=1&filter%5Bcpage%5D=1&cur_cat_oid=8&expand=&navoid=2389&search_database=Filter#acalog_template_course_filter
Judaic Studies,University of Southern California,http://catalogue.usc.edu/content.php?filter%5B27%5D=-1&filter%5B29%5D=&filter%5Bcourse_type%5D=1903&filter%5Bkeyword%5D=&filter%5B32%5D=1&filter%5Bcpage%5D=1&cur_cat_oid=8&expand=&navoid=2389&search_database=Filter#acalog_template_course_filter
Latin,University of Southern California,http://catalogue.usc.edu/content.php?filter%5B27%5D=-1&filter%5B29%5D=&filter%5Bcourse_type%5D=1904&filter%5Bkeyword%5D=&filter%5B32%5D=1&filter%5Bcpage%5D=1&cur_cat_oid=8&expand=&navoid=2389&search_database=Filter#acalog_template_course_filter
Law,University of Southern California,http://catalogue.usc.edu/content.php?filter%5B27%5D=-1&filter%5B29%5D=&filter%5Bcourse_type%5D=1905&filter%5Bkeyword%5D=&filter%5B32%5D=1&filter%5Bcpage%5D=1&cur_cat_oid=8&expand=&navoid=2389&search_database=Filter#acalog_template_course_filter
Liberal Studies,University of Southern California,http://catalogue.usc.edu/content.php?filter%5B27%5D=-1&filter%5B29%5D=&filter%5Bcourse_type%5D=1906&filter%5Bkeyword%5D=&filter%5B32%5D=1&filter%5Bcpage%5D=1&cur_cat_oid=8&expand=&navoid=2389&search_database=Filter#acalog_template_course_filter
Library and Information Management,University of Southern California,http://catalogue.usc.edu/content.php?filter%5B27%5D=-1&filter%5B29%5D=&filter%5Bcourse_type%5D=1907&filter%5Bkeyword%5D=&filter%5B32%5D=1&filter%5Bcpage%5D=1&cur_cat_oid=8&expand=&navoid=2389&search_database=Filter#acalog_template_course_filter
Linguistics,University of Southern California,http://catalogue.usc.edu/content.php?filter%5B27%5D=-1&filter%5B29%5D=&filter%5Bcourse_type%5D=1908&filter%5Bkeyword%5D=&filter%5B32%5D=1&filter%5Bcpage%5D=1&cur_cat_oid=8&expand=&navoid=2389&search_database=Filter#acalog_template_course_filter
Materials Science,University of Southern California,http://catalogue.usc.edu/content.php?filter%5B27%5D=-1&filter%5B29%5D=&filter%5Bcourse_type%5D=1909&filter%5Bkeyword%5D=&filter%5B32%5D=1&filter%5Bcpage%5D=1&cur_cat_oid=8&expand=&navoid=2389&search_database=Filter#acalog_template_course_filter
Mathematics,University of Southern California,http://catalogue.usc.edu/content.php?filter%5B27%5D=-1&filter%5B29%5D=&filter%5Bcourse_type%5D=1910&filter%5Bkeyword%5D=&filter%5B32%5D=1&filter%5Bcpage%5D=1&cur_cat_oid=8&expand=&navoid=2389&search_database=Filter#acalog_template_course_filter
Microbiology and Immunology,University of Southern California,http://catalogue.usc.edu/content.php?filter%5B27%5D=-1&filter%5B29%5D=&filter%5Bcourse_type%5D=1911&filter%5Bkeyword%5D=&filter%5B32%5D=1&filter%5Bcpage%5D=1&cur_cat_oid=8&expand=&navoid=2389&search_database=Filter#acalog_template_course_filter
Medical Biophysics,University of Southern California,http://catalogue.usc.edu/content.php?filter%5B27%5D=-1&filter%5B29%5D=&filter%5Bcourse_type%5D=2007&filter%5Bkeyword%5D=&filter%5B32%5D=1&filter%5Bcpage%5D=1&cur_cat_oid=8&expand=&navoid=2389&search_database=Filter#acalog_template_course_filter
Multidisciplinary Activities,University of Southern California,http://catalogue.usc.edu/content.php?filter%5B27%5D=-1&filter%5B29%5D=&filter%5Bcourse_type%5D=1912&filter%5Bkeyword%5D=&filter%5B32%5D=1&filter%5Bcpage%5D=1&cur_cat_oid=8&expand=&navoid=2389&search_database=Filter#acalog_template_course_filter
Middle East Studies,University of Southern California,http://catalogue.usc.edu/content.php?filter%5B27%5D=-1&filter%5B29%5D=&filter%5Bcourse_type%5D=1913&filter%5Bkeyword%5D=&filter%5B32%5D=1&filter%5Bcpage%5D=1&cur_cat_oid=8&expand=&navoid=2389&search_database=Filter#acalog_template_course_filter
Medical Biology,University of Southern California,http://catalogue.usc.edu/content.php?filter%5B27%5D=-1&filter%5B29%5D=&filter%5Bcourse_type%5D=1914&filter%5Bkeyword%5D=&filter%5B32%5D=1&filter%5Bcpage%5D=1&cur_cat_oid=8&expand=&navoid=2389&search_database=Filter#acalog_template_course_filter
Medical Sciences (200–400),University of Southern California,http://catalogue.usc.edu/content.php?filter%5B27%5D=-1&filter%5B29%5D=&filter%5Bcourse_type%5D=1915&filter%5Bkeyword%5D=&filter%5B32%5D=1&filter%5Bcpage%5D=1&cur_cat_oid=8&expand=&navoid=2389&search_database=Filter#acalog_template_course_filter
Medical Sciences (500),University of Southern California,http://catalogue.usc.edu/content.php?filter%5B27%5D=-1&filter%5B29%5D=&filter%5Bcourse_type%5D=1916&filter%5Bkeyword%5D=&filter%5B32%5D=1&filter%5Bcpage%5D=1&cur_cat_oid=8&expand=&navoid=2389&search_database=Filter#acalog_template_course_filter
Molecular Microbiology and Immunology,University of Southern California,http://catalogue.usc.edu/content.php?filter%5B27%5D=-1&filter%5B29%5D=&filter%5Bcourse_type%5D=1917&filter%5Bkeyword%5D=&filter%5B32%5D=1&filter%5Bcpage%5D=1&cur_cat_oid=8&expand=&navoid=2389&search_database=Filter#acalog_template_course_filter
Marketing,University of Southern California,http://catalogue.usc.edu/content.php?filter%5B27%5D=-1&filter%5B29%5D=&filter%5Bcourse_type%5D=1918&filter%5Bkeyword%5D=&filter%5B32%5D=1&filter%5Bcpage%5D=1&cur_cat_oid=8&expand=&navoid=2389&search_database=Filter#acalog_template_course_filter
Management and Organization,University of Southern California,http://catalogue.usc.edu/content.php?filter%5B27%5D=-1&filter%5B29%5D=&filter%5Bcourse_type%5D=1919&filter%5Bkeyword%5D=&filter%5B32%5D=1&filter%5Bcpage%5D=1&cur_cat_oid=8&expand=&navoid=2389&search_database=Filter#acalog_template_course_filter
Performance (Early Music),University of Southern California,http://catalogue.usc.edu/content.php?filter%5B27%5D=-1&filter%5B29%5D=&filter%5Bcourse_type%5D=1920&filter%5Bkeyword%5D=&filter%5B32%5D=1&filter%5Bcpage%5D=1&cur_cat_oid=8&expand=&navoid=2389&search_database=Filter#acalog_template_course_filter
Performance (Guitar),University of Southern California,http://catalogue.usc.edu/content.php?filter%5B27%5D=-1&filter%5B29%5D=&filter%5Bcourse_type%5D=1921&filter%5Bkeyword%5D=&filter%5B32%5D=1&filter%5Bcpage%5D=1&cur_cat_oid=8&expand=&navoid=2389&search_database=Filter#acalog_template_course_filter
Medical Physiology,University of Southern California,http://catalogue.usc.edu/content.php?filter%5B27%5D=-1&filter%5B29%5D=&filter%5Bcourse_type%5D=1922&filter%5Bkeyword%5D=&filter%5B32%5D=1&filter%5Bcpage%5D=1&cur_cat_oid=8&expand=&navoid=2389&search_database=Filter#acalog_template_course_filter
Performance (Keyboard Studies),University of Southern California,http://catalogue.usc.edu/content.php?filter%5B27%5D=-1&filter%5B29%5D=&filter%5Bcourse_type%5D=1923&filter%5Bkeyword%5D=&filter%5B32%5D=1&filter%5Bcpage%5D=1&cur_cat_oid=8&expand=&navoid=2389&search_database=Filter#acalog_template_course_filter
Performance (Popular Music),University of Southern California,http://catalogue.usc.edu/content.php?filter%5B27%5D=-1&filter%5B29%5D=&filter%5Bcourse_type%5D=1924&filter%5Bkeyword%5D=&filter%5B32%5D=1&filter%5Bcpage%5D=1&cur_cat_oid=8&expand=&navoid=2389&search_database=Filter#acalog_template_course_filter
Performance (Strings),University of Southern California,http://catalogue.usc.edu/content.php?filter%5B27%5D=-1&filter%5B29%5D=&filter%5Bcourse_type%5D=1925&filter%5Bkeyword%5D=&filter%5B32%5D=1&filter%5Bcpage%5D=1&cur_cat_oid=8&expand=&navoid=2389&search_database=Filter#acalog_template_course_filter
Molecular Pharmacology and Toxicology,University of Southern California,http://catalogue.usc.edu/content.php?filter%5B27%5D=-1&filter%5B29%5D=&filter%5Bcourse_type%5D=1926&filter%5Bkeyword%5D=&filter%5B32%5D=1&filter%5Bcpage%5D=1&cur_cat_oid=8&expand=&navoid=2389&search_database=Filter#acalog_template_course_filter
Performance (Vocal Arts),University of Southern California,http://catalogue.usc.edu/content.php?filter%5B27%5D=-1&filter%5B29%5D=&filter%5Bcourse_type%5D=1927&filter%5Bkeyword%5D=&filter%5B32%5D=1&filter%5Bcpage%5D=1&cur_cat_oid=8&expand=&navoid=2389&search_database=Filter#acalog_template_course_filter
Performance (Wind and Percussion),University of Southern California,http://catalogue.usc.edu/content.php?filter%5B27%5D=-1&filter%5B29%5D=&filter%5Bcourse_type%5D=1929&filter%5Bkeyword%5D=&filter%5B32%5D=1&filter%5Bcpage%5D=1&cur_cat_oid=8&expand=&navoid=2389&search_database=Filter#acalog_template_course_filter
Military Science,University of Southern California,http://catalogue.usc.edu/content.php?filter%5B27%5D=-1&filter%5B29%5D=&filter%5Bcourse_type%5D=1930&filter%5Bkeyword%5D=&filter%5B32%5D=1&filter%5Bcpage%5D=1&cur_cat_oid=8&expand=&navoid=2389&search_database=Filter#acalog_template_course_filter
Sacred Music,University of Southern California,http://catalogue.usc.edu/content.php?filter%5B27%5D=-1&filter%5B29%5D=&filter%5Bcourse_type%5D=1931&filter%5Bkeyword%5D=&filter%5B32%5D=1&filter%5Bcpage%5D=1&cur_cat_oid=8&expand=&navoid=2389&search_database=Filter#acalog_template_course_filter
Molecular Structure and Signaling,University of Southern California,http://catalogue.usc.edu/content.php?filter%5B27%5D=-1&filter%5B29%5D=&filter%5Bcourse_type%5D=1932&filter%5Bkeyword%5D=&filter%5B32%5D=1&filter%5Bcpage%5D=1&cur_cat_oid=8&expand=&navoid=2389&search_database=Filter#acalog_template_course_filter
Music Technology,University of Southern California,http://catalogue.usc.edu/content.php?filter%5B27%5D=-1&filter%5B29%5D=&filter%5Bcourse_type%5D=1933&filter%5Bkeyword%5D=&filter%5B32%5D=1&filter%5Bcpage%5D=1&cur_cat_oid=8&expand=&navoid=2389&search_database=Filter#acalog_template_course_filter
Cell and Neurobiology,University of Southern California,http://catalogue.usc.edu/content.php?filter%5B27%5D=-1&filter%5B29%5D=&filter%5Bcourse_type%5D=1996&filter%5Bkeyword%5D=&filter%5B32%5D=1&filter%5Bcpage%5D=1&cur_cat_oid=8&expand=&navoid=2389&search_database=Filter#acalog_template_course_filter
Conducting,University of Southern California,http://catalogue.usc.edu/content.php?filter%5B27%5D=-1&filter%5B29%5D=&filter%5Bcourse_type%5D=1934&filter%5Bkeyword%5D=&filter%5B32%5D=1&filter%5Bcpage%5D=1&cur_cat_oid=8&expand=&navoid=2389&search_database=Filter#acalog_template_course_filter
Choral Music,University of Southern California,http://catalogue.usc.edu/content.php?filter%5B27%5D=-1&filter%5B29%5D=&filter%5Bcourse_type%5D=1935&filter%5Bkeyword%5D=&filter%5B32%5D=1&filter%5Bcpage%5D=1&cur_cat_oid=8&expand=&navoid=2389&search_database=Filter#acalog_template_course_filter
Composition,University of Southern California,http://catalogue.usc.edu/content.php?filter%5B27%5D=-1&filter%5B29%5D=&filter%5Bcourse_type%5D=1936&filter%5Bkeyword%5D=&filter%5B32%5D=1&filter%5Bcpage%5D=1&cur_cat_oid=8&expand=&navoid=2389&search_database=Filter#acalog_template_course_filter
Music Teaching and Learning,University of Southern California,http://catalogue.usc.edu/content.php?filter%5B27%5D=-1&filter%5B29%5D=&filter%5Bcourse_type%5D=1937&filter%5Bkeyword%5D=&filter%5B32%5D=1&filter%5Bcpage%5D=1&cur_cat_oid=8&expand=&navoid=2389&search_database=Filter#acalog_template_course_filter
Music Ensemble,University of Southern California,http://catalogue.usc.edu/content.php?filter%5B27%5D=-1&filter%5B29%5D=&filter%5Bcourse_type%5D=1938&filter%5Bkeyword%5D=&filter%5B32%5D=1&filter%5Bcpage%5D=1&cur_cat_oid=8&expand=&navoid=2389&search_database=Filter#acalog_template_course_filter
Music History and Literature,University of Southern California,http://catalogue.usc.edu/content.php?filter%5B27%5D=-1&filter%5B29%5D=&filter%5Bcourse_type%5D=1939&filter%5Bkeyword%5D=&filter%5B32%5D=1&filter%5Bcpage%5D=1&cur_cat_oid=8&expand=&navoid=2389&search_database=Filter#acalog_template_course_filter
Music Industry,University of Southern California,http://catalogue.usc.edu/content.php?filter%5B27%5D=-1&filter%5B29%5D=&filter%5Bcourse_type%5D=1940&filter%5Bkeyword%5D=&filter%5B32%5D=1&filter%5Bcpage%5D=1&cur_cat_oid=8&expand=&navoid=2389&search_database=Filter#acalog_template_course_filter
Jazz Studies,University of Southern California,http://catalogue.usc.edu/content.php?filter%5B27%5D=-1&filter%5B29%5D=&filter%5Bcourse_type%5D=1941&filter%5Bkeyword%5D=&filter%5B32%5D=1&filter%5Bcpage%5D=1&cur_cat_oid=8&expand=&navoid=2389&search_database=Filter#acalog_template_course_filter
School of Music,University of Southern California,http://catalogue.usc.edu/content.php?filter%5B27%5D=-1&filter%5B29%5D=&filter%5Bcourse_type%5D=1942&filter%5Bkeyword%5D=&filter%5B32%5D=1&filter%5Bcpage%5D=1&cur_cat_oid=8&expand=&navoid=2389&search_database=Filter#acalog_template_course_filter
Nautical Science,University of Southern California,http://catalogue.usc.edu/content.php?filter%5B27%5D=-1&filter%5B29%5D=&filter%5Bcourse_type%5D=1943&filter%5Bkeyword%5D=&filter%5B32%5D=1&filter%5Bcpage%5D=1&cur_cat_oid=8&expand=&navoid=2389&search_database=Filter#acalog_template_course_filter
Neuroscience (Undergraduate),University of Southern California,http://catalogue.usc.edu/content.php?filter%5B27%5D=-1&filter%5B29%5D=&filter%5Bcourse_type%5D=1944&filter%5Bkeyword%5D=&filter%5B32%5D=1&filter%5Bcpage%5D=1&cur_cat_oid=8&expand=&navoid=2389&search_database=Filter#acalog_template_course_filter
Neuroimaging and Informatics,University of Southern California,http://catalogue.usc.edu/content.php?filter%5B27%5D=-1&filter%5B29%5D=&filter%5Bcourse_type%5D=1945&filter%5Bkeyword%5D=&filter%5B32%5D=1&filter%5Bcpage%5D=1&cur_cat_oid=8&expand=&navoid=2389&search_database=Filter#acalog_template_course_filter
Naval Science,University of Southern California,http://catalogue.usc.edu/content.php?filter%5B27%5D=-1&filter%5B29%5D=&filter%5Bcourse_type%5D=1946&filter%5Bkeyword%5D=&filter%5B32%5D=1&filter%5Bcpage%5D=1&cur_cat_oid=8&expand=&navoid=2389&search_database=Filter#acalog_template_course_filter
Neuroscience (Graduate),University of Southern California,http://catalogue.usc.edu/content.php?filter%5B27%5D=-1&filter%5B29%5D=&filter%5Bcourse_type%5D=1947&filter%5Bkeyword%5D=&filter%5B32%5D=1&filter%5Bcpage%5D=1&cur_cat_oid=8&expand=&navoid=2389&search_database=Filter#acalog_template_course_filter
Nursing,University of Southern California,http://catalogue.usc.edu/content.php?filter%5B27%5D=-1&filter%5B29%5D=&filter%5Bcourse_type%5D=2002&filter%5Bkeyword%5D=&filter%5B32%5D=1&filter%5Bcpage%5D=1&cur_cat_oid=8&expand=&navoid=2389&search_database=Filter#acalog_template_course_filter
Occlusion,University of Southern California,http://catalogue.usc.edu/content.php?filter%5B27%5D=-1&filter%5B29%5D=&filter%5Bcourse_type%5D=1948&filter%5Bkeyword%5D=&filter%5B32%5D=1&filter%5Bcpage%5D=1&cur_cat_oid=8&expand=&navoid=2389&search_database=Filter#acalog_template_course_filter
Orofacial Pain Oral Medicine,University of Southern California,http://catalogue.usc.edu/content.php?filter%5B27%5D=-1&filter%5B29%5D=&filter%5Bcourse_type%5D=1949&filter%5Bkeyword%5D=&filter%5B32%5D=1&filter%5Bcpage%5D=1&cur_cat_oid=8&expand=&navoid=2389&search_database=Filter#acalog_template_course_filter
Orofacial Pain,University of Southern California,http://catalogue.usc.edu/content.php?filter%5B27%5D=-1&filter%5B29%5D=&filter%5Bcourse_type%5D=2010&filter%5Bkeyword%5D=&filter%5B32%5D=1&filter%5Bcpage%5D=1&cur_cat_oid=8&expand=&navoid=2389&search_database=Filter#acalog_template_course_filter
Oral Medicine Oral Diagnosis,University of Southern California,http://catalogue.usc.edu/content.php?filter%5B27%5D=-1&filter%5B29%5D=&filter%5Bcourse_type%5D=1950&filter%5Bkeyword%5D=&filter%5B32%5D=1&filter%5Bcpage%5D=1&cur_cat_oid=8&expand=&navoid=2389&search_database=Filter#acalog_template_course_filter
Operative Dentistry,University of Southern California,http://catalogue.usc.edu/content.php?filter%5B27%5D=-1&filter%5B29%5D=&filter%5Bcourse_type%5D=1951&filter%5Bkeyword%5D=&filter%5B32%5D=1&filter%5Bcpage%5D=1&cur_cat_oid=8&expand=&navoid=2389&search_database=Filter#acalog_template_course_filter
Oral Pathology and Radiology,University of Southern California,http://catalogue.usc.edu/content.php?filter%5B27%5D=-1&filter%5B29%5D=&filter%5Bcourse_type%5D=2011&filter%5Bkeyword%5D=&filter%5B32%5D=1&filter%5Bcpage%5D=1&cur_cat_oid=8&expand=&navoid=2389&search_database=Filter#acalog_template_course_filter
Orthodontics,University of Southern California,http://catalogue.usc.edu/content.php?filter%5B27%5D=-1&filter%5B29%5D=&filter%5Bcourse_type%5D=1952&filter%5Bkeyword%5D=&filter%5B32%5D=1&filter%5Bcpage%5D=1&cur_cat_oid=8&expand=&navoid=2389&search_database=Filter#acalog_template_course_filter
Ocean Sciences,University of Southern California,http://catalogue.usc.edu/content.php?filter%5B27%5D=-1&filter%5B29%5D=&filter%5Bcourse_type%5D=1953&filter%5Bkeyword%5D=&filter%5B32%5D=1&filter%5Bcpage%5D=1&cur_cat_oid=8&expand=&navoid=2389&search_database=Filter#acalog_template_course_filter
Occupational Science and Occupational Therapy,University of Southern California,http://catalogue.usc.edu/content.php?filter%5B27%5D=-1&filter%5B29%5D=&filter%5Bcourse_type%5D=1954&filter%5Bkeyword%5D=&filter%5B32%5D=1&filter%5Bcpage%5D=1&cur_cat_oid=8&expand=&navoid=2389&search_database=Filter#acalog_template_course_filter
Pain Medicine,University of Southern California,http://catalogue.usc.edu/content.php?filter%5B27%5D=-1&filter%5B29%5D=&filter%5Bcourse_type%5D=2012&filter%5Bkeyword%5D=&filter%5B32%5D=1&filter%5Bcpage%5D=1&cur_cat_oid=8&expand=&navoid=2389&search_database=Filter#acalog_template_course_filter
Pathology (Herman Ostrow School of Dentistry),University of Southern California,http://catalogue.usc.edu/content.php?filter%5B27%5D=-1&filter%5B29%5D=&filter%5Bcourse_type%5D=2000&filter%5Bkeyword%5D=&filter%5B32%5D=1&filter%5Bcpage%5D=1&cur_cat_oid=8&expand=&navoid=2389&search_database=Filter#acalog_template_course_filter
Pathology (Keck School of Medicine),University of Southern California,http://catalogue.usc.edu/content.php?filter%5B27%5D=-1&filter%5B29%5D=&filter%5Bcourse_type%5D=1999&filter%5Bkeyword%5D=&filter%5B32%5D=1&filter%5Bcpage%5D=1&cur_cat_oid=8&expand=&navoid=2389&search_database=Filter#acalog_template_course_filter
Primary Care Physician Assistant,University of Southern California,http://catalogue.usc.edu/content.php?filter%5B27%5D=-1&filter%5B29%5D=&filter%5Bcourse_type%5D=1956&filter%5Bkeyword%5D=&filter%5B32%5D=1&filter%5Bcpage%5D=1&cur_cat_oid=8&expand=&navoid=2389&search_database=Filter#acalog_template_course_filter
Pediatric Dentistry,University of Southern California,http://catalogue.usc.edu/content.php?filter%5B27%5D=-1&filter%5B29%5D=&filter%5Bcourse_type%5D=1957&filter%5Bkeyword%5D=&filter%5B32%5D=1&filter%5Bcpage%5D=1&cur_cat_oid=8&expand=&navoid=2389&search_database=Filter#acalog_template_course_filter
Periodontics,University of Southern California,http://catalogue.usc.edu/content.php?filter%5B27%5D=-1&filter%5B29%5D=&filter%5Bcourse_type%5D=1958&filter%5Bkeyword%5D=&filter%5B32%5D=1&filter%5Bcpage%5D=1&cur_cat_oid=8&expand=&navoid=2389&search_database=Filter#acalog_template_course_filter
Physiology and Biophysics,University of Southern California,http://catalogue.usc.edu/content.php?filter%5B27%5D=-1&filter%5B29%5D=&filter%5Bcourse_type%5D=1959&filter%5Bkeyword%5D=&filter%5B32%5D=1&filter%5Bcpage%5D=1&cur_cat_oid=8&expand=&navoid=2389&search_database=Filter#acalog_template_course_filter
Physical Education,University of Southern California,http://catalogue.usc.edu/content.php?filter%5B27%5D=-1&filter%5B29%5D=&filter%5Bcourse_type%5D=1960&filter%5Bkeyword%5D=&filter%5B32%5D=1&filter%5Bcpage%5D=1&cur_cat_oid=8&expand=&navoid=2389&search_database=Filter#acalog_template_course_filter
Philosophy,University of Southern California,http://catalogue.usc.edu/content.php?filter%5B27%5D=-1&filter%5B29%5D=&filter%5Bcourse_type%5D=1961&filter%5Bkeyword%5D=&filter%5B32%5D=1&filter%5Bcpage%5D=1&cur_cat_oid=8&expand=&navoid=2389&search_database=Filter#acalog_template_course_filter
Pharmacy,University of Southern California,http://catalogue.usc.edu/content.php?filter%5B27%5D=-1&filter%5B29%5D=&filter%5Bcourse_type%5D=1962&filter%5Bkeyword%5D=&filter%5B32%5D=1&filter%5Bcpage%5D=1&cur_cat_oid=8&expand=&navoid=2389&search_database=Filter#acalog_template_course_filter
Pharmaceutical and Translational Sciences,University of Southern California,http://catalogue.usc.edu/content.php?filter%5B27%5D=-1&filter%5B29%5D=&filter%5Bcourse_type%5D=2006&filter%5Bkeyword%5D=&filter%5B32%5D=1&filter%5Bcpage%5D=1&cur_cat_oid=8&expand=&navoid=2389&search_database=Filter#acalog_template_course_filter
Physics,University of Southern California,http://catalogue.usc.edu/content.php?filter%5B27%5D=-1&filter%5B29%5D=&filter%5Bcourse_type%5D=1963&filter%5Bkeyword%5D=&filter%5B32%5D=1&filter%5Bcpage%5D=1&cur_cat_oid=8&expand=&navoid=2389&search_database=Filter#acalog_template_course_filter
Project Management,University of Southern California,http://catalogue.usc.edu/content.php?filter%5B27%5D=-1&filter%5B29%5D=&filter%5Bcourse_type%5D=2545&filter%5Bkeyword%5D=&filter%5B32%5D=1&filter%5Bcpage%5D=1&cur_cat_oid=8&expand=&navoid=2389&search_database=Filter#acalog_template_course_filter
Urban and Regional Planning,University of Southern California,http://catalogue.usc.edu/content.php?filter%5B27%5D=-1&filter%5B29%5D=&filter%5Bcourse_type%5D=1964&filter%5Bkeyword%5D=&filter%5B32%5D=1&filter%5Bcpage%5D=1&cur_cat_oid=8&expand=&navoid=2389&search_database=Filter#acalog_template_course_filter
Preventive Medicine,University of Southern California,http://catalogue.usc.edu/content.php?filter%5B27%5D=-1&filter%5B29%5D=&filter%5Bcourse_type%5D=1965&filter%5Bkeyword%5D=&filter%5B32%5D=1&filter%5Bcpage%5D=1&cur_cat_oid=8&expand=&navoid=2389&search_database=Filter#acalog_template_course_filter
Pharmaceutical Economics and Policy,University of Southern California,http://catalogue.usc.edu/content.php?filter%5B27%5D=-1&filter%5B29%5D=&filter%5Bcourse_type%5D=1966&filter%5Bkeyword%5D=&filter%5B32%5D=1&filter%5Bcpage%5D=1&cur_cat_oid=8&expand=&navoid=2389&search_database=Filter#acalog_template_course_filter
Political Science and International Relations,University of Southern California,http://catalogue.usc.edu/content.php?filter%5B27%5D=-1&filter%5B29%5D=&filter%5Bcourse_type%5D=1967&filter%5Bkeyword%5D=&filter%5B32%5D=1&filter%5Bcpage%5D=1&cur_cat_oid=8&expand=&navoid=2389&search_database=Filter#acalog_template_course_filter
Portuguese,University of Southern California,http://catalogue.usc.edu/content.php?filter%5B27%5D=-1&filter%5B29%5D=&filter%5Bcourse_type%5D=1968&filter%5Bkeyword%5D=&filter%5B32%5D=1&filter%5Bcpage%5D=1&cur_cat_oid=8&expand=&navoid=2389&search_database=Filter#acalog_template_course_filter
Political Science,University of Southern California,http://catalogue.usc.edu/content.php?filter%5B27%5D=-1&filter%5B29%5D=&filter%5Bcourse_type%5D=1969&filter%5Bkeyword%5D=&filter%5B32%5D=1&filter%5Bcpage%5D=1&cur_cat_oid=8&expand=&navoid=2389&search_database=Filter#acalog_template_course_filter
"Policy, Planning, and Development",University of Southern California,http://catalogue.usc.edu/content.php?filter%5B27%5D=-1&filter%5B29%5D=&filter%5Bcourse_type%5D=1970&filter%5Bkeyword%5D=&filter%5B32%5D=1&filter%5Bcpage%5D=1&cur_cat_oid=8&expand=&navoid=2389&search_database=Filter#acalog_template_course_filter
"Policy, Planning, and Development — Expanded",University of Southern California,http://catalogue.usc.edu/content.php?filter%5B27%5D=-1&filter%5B29%5D=&filter%5Bcourse_type%5D=1971&filter%5Bkeyword%5D=&filter%5B32%5D=1&filter%5Bcpage%5D=1&cur_cat_oid=8&expand=&navoid=2389&search_database=Filter#acalog_template_course_filter
Public Relations,University of Southern California,http://catalogue.usc.edu/content.php?filter%5B27%5D=-1&filter%5B29%5D=&filter%5Bcourse_type%5D=2001&filter%5Bkeyword%5D=&filter%5B32%5D=1&filter%5Bcpage%5D=1&cur_cat_oid=8&expand=&navoid=2389&search_database=Filter#acalog_template_course_filter
Pharmaceutical Sciences,University of Southern California,http://catalogue.usc.edu/content.php?filter%5B27%5D=-1&filter%5B29%5D=&filter%5Bcourse_type%5D=1972&filter%5Bkeyword%5D=&filter%5B32%5D=1&filter%5Bcpage%5D=1&cur_cat_oid=8&expand=&navoid=2389&search_database=Filter#acalog_template_course_filter
Psychology,University of Southern California,http://catalogue.usc.edu/content.php?filter%5B27%5D=-1&filter%5B29%5D=&filter%5Bcourse_type%5D=1973&filter%5Bkeyword%5D=&filter%5B32%5D=1&filter%5Bcpage%5D=1&cur_cat_oid=8&expand=&navoid=2389&search_database=Filter#acalog_template_course_filter
Physical Therapy,University of Southern California,http://catalogue.usc.edu/content.php?filter%5B27%5D=-1&filter%5B29%5D=&filter%5Bcourse_type%5D=1974&filter%5Bkeyword%5D=&filter%5B32%5D=1&filter%5Bcpage%5D=1&cur_cat_oid=8&expand=&navoid=2389&search_database=Filter#acalog_template_course_filter
Petroleum Engineering,University of Southern California,http://catalogue.usc.edu/content.php?filter%5B27%5D=-1&filter%5B29%5D=&filter%5Bcourse_type%5D=1975&filter%5Bkeyword%5D=&filter%5B32%5D=1&filter%5Bcpage%5D=1&cur_cat_oid=8&expand=&navoid=2389&search_database=Filter#acalog_template_course_filter
Public Administration,University of Southern California,http://catalogue.usc.edu/content.php?filter%5B27%5D=-1&filter%5B29%5D=&filter%5Bcourse_type%5D=1976&filter%5Bkeyword%5D=&filter%5B32%5D=1&filter%5Bcpage%5D=1&cur_cat_oid=8&expand=&navoid=2389&search_database=Filter#acalog_template_course_filter
Public Diplomacy,University of Southern California,http://catalogue.usc.edu/content.php?filter%5B27%5D=-1&filter%5B29%5D=&filter%5Bcourse_type%5D=1977&filter%5Bkeyword%5D=&filter%5B32%5D=1&filter%5Bcpage%5D=1&cur_cat_oid=8&expand=&navoid=2389&search_database=Filter#acalog_template_course_filter
Quantitative Biology,University of Southern California,http://catalogue.usc.edu/content.php?filter%5B27%5D=-1&filter%5B29%5D=&filter%5Bcourse_type%5D=2014&filter%5Bkeyword%5D=&filter%5B32%5D=1&filter%5Bcpage%5D=1&cur_cat_oid=8&expand=&navoid=2389&search_database=Filter#acalog_template_course_filter
Real Estate Development,University of Southern California,http://catalogue.usc.edu/content.php?filter%5B27%5D=-1&filter%5B29%5D=&filter%5Bcourse_type%5D=1978&filter%5Bkeyword%5D=&filter%5B32%5D=1&filter%5Bcpage%5D=1&cur_cat_oid=8&expand=&navoid=2389&search_database=Filter#acalog_template_course_filter
Religion,University of Southern California,http://catalogue.usc.edu/content.php?filter%5B27%5D=-1&filter%5B29%5D=&filter%5Bcourse_type%5D=1979&filter%5Bkeyword%5D=&filter%5B32%5D=1&filter%5Bcpage%5D=1&cur_cat_oid=8&expand=&navoid=2389&search_database=Filter#acalog_template_course_filter
Restorative Dentistry,University of Southern California,http://catalogue.usc.edu/content.php?filter%5B27%5D=-1&filter%5B29%5D=&filter%5Bcourse_type%5D=1980&filter%5Bkeyword%5D=&filter%5B32%5D=1&filter%5Bcpage%5D=1&cur_cat_oid=8&expand=&navoid=2389&search_database=Filter#acalog_template_course_filter
Removable Prosthodontics,University of Southern California,http://catalogue.usc.edu/content.php?filter%5B27%5D=-1&filter%5B29%5D=&filter%5Bcourse_type%5D=1981&filter%5Bkeyword%5D=&filter%5B32%5D=1&filter%5Bcpage%5D=1&cur_cat_oid=8&expand=&navoid=2389&search_database=Filter#acalog_template_course_filter
Regulatory Science,University of Southern California,http://catalogue.usc.edu/content.php?filter%5B27%5D=-1&filter%5B29%5D=&filter%5Bcourse_type%5D=1982&filter%5Bkeyword%5D=&filter%5B32%5D=1&filter%5Bcpage%5D=1&cur_cat_oid=8&expand=&navoid=2389&search_database=Filter#acalog_template_course_filter
Pharmaceutical and Regulatory Science,University of Southern California,http://catalogue.usc.edu/content.php?filter%5B27%5D=-1&filter%5B29%5D=&filter%5Bcourse_type%5D=2003&filter%5Bkeyword%5D=&filter%5B32%5D=1&filter%5Bcpage%5D=1&cur_cat_oid=8&expand=&navoid=2389&search_database=Filter#acalog_template_course_filter
Systems Architecting and Engineering,University of Southern California,http://catalogue.usc.edu/content.php?filter%5B27%5D=-1&filter%5B29%5D=&filter%5Bcourse_type%5D=1983&filter%5Bkeyword%5D=&filter%5B32%5D=1&filter%5Bcpage%5D=1&cur_cat_oid=8&expand=&navoid=2389&search_database=Filter#acalog_template_course_filter
Screen Scoring,University of Southern California,http://catalogue.usc.edu/content.php?filter%5B27%5D=-1&filter%5B29%5D=&filter%5Bcourse_type%5D=2005&filter%5Bkeyword%5D=&filter%5B32%5D=1&filter%5Bcpage%5D=1&cur_cat_oid=8&expand=&navoid=2389&search_database=Filter#acalog_template_course_filter
Stem Cell Biology and Regenerative Medicine,University of Southern California,http://catalogue.usc.edu/content.php?filter%5B27%5D=-1&filter%5B29%5D=&filter%5Bcourse_type%5D=1984&filter%5Bkeyword%5D=&filter%5B32%5D=1&filter%5Bcpage%5D=1&cur_cat_oid=8&expand=&navoid=2389&search_database=Filter#acalog_template_course_filter
Slavic Languages and Literatures,University of Southern California,http://catalogue.usc.edu/content.php?filter%5B27%5D=-1&filter%5B29%5D=&filter%5Bcourse_type%5D=1985&filter%5Bkeyword%5D=&filter%5B32%5D=1&filter%5Bcpage%5D=1&cur_cat_oid=8&expand=&navoid=2389&search_database=Filter#acalog_template_course_filter
Sociology,University of Southern California,http://catalogue.usc.edu/content.php?filter%5B27%5D=-1&filter%5B29%5D=&filter%5Bcourse_type%5D=1986&filter%5Bkeyword%5D=&filter%5B32%5D=1&filter%5Bcpage%5D=1&cur_cat_oid=8&expand=&navoid=2389&search_database=Filter#acalog_template_course_filter
Social Work,University of Southern California,http://catalogue.usc.edu/content.php?filter%5B27%5D=-1&filter%5B29%5D=&filter%5Bcourse_type%5D=1987&filter%5Bkeyword%5D=&filter%5B32%5D=1&filter%5Bcpage%5D=1&cur_cat_oid=8&expand=&navoid=2389&search_database=Filter#acalog_template_course_filter
Spanish,University of Southern California,http://catalogue.usc.edu/content.php?filter%5B27%5D=-1&filter%5B29%5D=&filter%5Bcourse_type%5D=1988&filter%5Bkeyword%5D=&filter%5B32%5D=1&filter%5Bcpage%5D=1&cur_cat_oid=8&expand=&navoid=2389&search_database=Filter#acalog_template_course_filter
Spatial Sciences Institute,University of Southern California,http://catalogue.usc.edu/content.php?filter%5B27%5D=-1&filter%5B29%5D=&filter%5Bcourse_type%5D=1989&filter%5Bkeyword%5D=&filter%5B32%5D=1&filter%5Bcpage%5D=1&cur_cat_oid=8&expand=&navoid=2389&search_database=Filter#acalog_template_course_filter
Sophomore Seminars,University of Southern California,http://catalogue.usc.edu/content.php?filter%5B27%5D=-1&filter%5B29%5D=&filter%5Bcourse_type%5D=1990&filter%5Bkeyword%5D=&filter%5B32%5D=1&filter%5Bcpage%5D=1&cur_cat_oid=8&expand=&navoid=2389&search_database=Filter#acalog_template_course_filter
Oral Surgery,University of Southern California,http://catalogue.usc.edu/content.php?filter%5B27%5D=-1&filter%5B29%5D=&filter%5Bcourse_type%5D=1991&filter%5Bkeyword%5D=&filter%5B32%5D=1&filter%5Bcpage%5D=1&cur_cat_oid=8&expand=&navoid=2389&search_database=Filter#acalog_template_course_filter
Gender Studies,University of Southern California,http://catalogue.usc.edu/content.php?filter%5B27%5D=-1&filter%5B29%5D=&filter%5Bcourse_type%5D=1992&filter%5Bkeyword%5D=&filter%5B32%5D=1&filter%5Bcpage%5D=1&cur_cat_oid=8&expand=&navoid=2389&search_database=Filter#acalog_template_course_filter
Dramatic Arts,University of Southern California,http://catalogue.usc.edu/content.php?filter%5B27%5D=-1&filter%5B29%5D=&filter%5Bcourse_type%5D=1993&filter%5Bkeyword%5D=&filter%5B32%5D=1&filter%5Bcpage%5D=1&cur_cat_oid=8&expand=&navoid=2389&search_database=Filter#acalog_template_course_filter
Translational Genomics,University of Southern California,http://catalogue.usc.edu/content.php?filter%5B27%5D=-1&filter%5B29%5D=&filter%5Bcourse_type%5D=2009&filter%5Bkeyword%5D=&filter%5B32%5D=1&filter%5Bcpage%5D=1&cur_cat_oid=8&expand=&navoid=2389&search_database=Filter#acalog_template_course_filter
University of Southern California,University of Southern California,http://catalogue.usc.edu/content.php?filter%5B27%5D=-1&filter%5B29%5D=&filter%5Bcourse_type%5D=1994&filter%5Bkeyword%5D=&filter%5B32%5D=1&filter%5Bcpage%5D=1&cur_cat_oid=8&expand=&navoid=2389&search_database=Filter#acalog_template_course_filter
Visual Studies,University of Southern California,http://catalogue.usc.edu/content.php?filter%5B27%5D=-1&filter%5B29%5D=&filter%5Bcourse_type%5D=2004&filter%5Bkeyword%5D=&filter%5B32%5D=1&filter%5Bcpage%5D=1&cur_cat_oid=8&expand=&navoid=2389&search_database=Filter#acalog_template_course_filter
Writing Program,University of Southern California,http://catalogue.usc.edu/content.php?filter%5B27%5D=-1&filter%5B29%5D=&filter%5Bcourse_type%5D=1995&filter%5Bkeyword%5D=&filter%5B32%5D=1&filter%5Bcpage%5D=1&cur_cat_oid=8&expand=&navoid=2389&search_database=Filter#acalog_template_course_filter
Criminal Justice,University of Southern California,http://catalogue.usc.edu/content.php?filter%5B27%5D=-1&filter%5B29%5D=&filter%5Bcourse_type%5D=2807&filter%5Bkeyword%5D=&filter%5B32%5D=1&filter%5Bcpage%5D=1&cur_cat_oid=8&expand=&navoid=2389&search_database=Filter#acalog_template_course_filter
