Course,URL,University
"Topics in Health: Policy, Politics, and Power",https://wagner.nyu.edu/education/courses/topics-health-policy-politics-and-power,New York University
Public Policy and the Arts,https://wagner.nyu.edu/education/courses/public-policy-and-arts,New York University
Introduction to Social Impact,https://wagner.nyu.edu/education/courses/introduction-social-impact,New York University
Fundamentals of Social Entrepreneurship,https://wagner.nyu.edu/education/courses/fundamentals-social-entrepreneurship,New York University
Philanthropy and Social Change,https://wagner.nyu.edu/education/courses/philanthropy-and-social-change,New York University
The Politics of New York,https://wagner.nyu.edu/education/courses/politics-new-york,New York University
The Business of Nonprofit Management,https://wagner.nyu.edu/education/courses/business-nonprofit-management,New York University
Doctoral Research Colloquium II,https://wagner.nyu.edu/education/courses/doctoral-research-colloquium-ii,New York University
Doctoral Research Colloquium I,https://wagner.nyu.edu/education/courses/doctoral-research-colloquium-i,New York University
Doctoral Seminar in Management: Understanding Organizations,https://wagner.nyu.edu/education/courses/doctoral-seminar-management-understanding-organizations,New York University
Seminar in Research in Progress,https://wagner.nyu.edu/education/courses/seminar-research-progress,New York University
Doctoral Seminar in Public Policy Analysis,https://wagner.nyu.edu/education/courses/doctoral-seminar-public-policy-analysis,New York University
Qualitative Research Methods,https://wagner.nyu.edu/education/courses/qualitative-research-methods,New York University
Research Methods,https://wagner.nyu.edu/education/courses/research-methods,New York University
Digital Innovation Lab,https://wagner.nyu.edu/education/courses/digital-innovation-lab,New York University
Advanced Empirical Methods for Policy Analysis,https://wagner.nyu.edu/education/courses/advanced-empirical-methods-for-policy-analysis,New York University
"Operations Management for Public, Nonprofit, and Health Contexts",https://wagner.nyu.edu/education/courses/operations-management-for-public-nonprofit-and-health-contexts,New York University
Data-Driven Performance,https://wagner.nyu.edu/education/courses/data-driven-performance,New York University
"Development Assistance, Accountability and Aid Effectiveness",https://wagner.nyu.edu/education/courses/development-assistance-accountability-and-aid-effectiveness,New York University
Multi-Sector Partnerships: A Comparative Perspective,https://wagner.nyu.edu/education/courses/multi-sector-partnerships-comparative-perspective,New York University
The Legal Context for Policy and Public Management,https://wagner.nyu.edu/education/courses/legal-context-for-policy-and-public-management,New York University
Advocacy Lab: How to Make Change Happen,https://wagner.nyu.edu/education/courses/advocacy-lab-how-make-change-happen,New York University
Hunger and Food Security in a Global Perspective (meets in New York only),https://wagner.nyu.edu/education/courses/hunger-and-food-security-global-perspective-meets-new-york-only,New York University
"Race, Crime, and Incarceration Policy in the United States",https://wagner.nyu.edu/education/courses/race-crime-and-incarceration-policy-united-states,New York University
Leadership and Social Transformation,https://wagner.nyu.edu/education/courses/leadership-and-social-transformation,New York University
"Hunger and Food Security in a Global Perspective (Accra, Ghana)",https://wagner.nyu.edu/education/courses/hunger-and-food-security-global-perspective-accra-ghana,New York University
Strategic Philanthropy,https://wagner.nyu.edu/education/courses/strategic-philanthropy,New York University
Advocating for International Human Rights: Strategies and Theories of Change,https://wagner.nyu.edu/education/courses/advocating-for-international-human-rights-strategies-and-theories-change,New York University
The Arts and Artist in Urban Revitalization,https://wagner.nyu.edu/education/courses/arts-and-artist-urban-revitalization,New York University
"Institutions, Governance, and International Development",https://wagner.nyu.edu/education/courses/institutions-governance-and-international-development,New York University
"Macroeconomics, Global Markets, and Policy",https://wagner.nyu.edu/education/courses/macroeconomics-global-markets-and-policy,New York University
Cross-Cultural Negotiation and Conflict Management in Multicultural Teams,https://wagner.nyu.edu/education/courses/cross-cultural-negotiation-and-conflict-management-multicultural-teams,New York University
Program Development and Management for International Organizations,https://wagner.nyu.edu/education/courses/program-development-and-management-for-international-organizations,New York University
Design Thinking: A Creative Approach to Problem Solving and Creating Impact,https://wagner.nyu.edu/education/courses/design-thinking-creative-approach-problem-solving-and-creating-impact,New York University
Government Budgeting,https://wagner.nyu.edu/education/courses/government-budgeting,New York University
Politics of International Development,https://wagner.nyu.edu/education/courses/politics-international-development,New York University
Advanced Negotiation and Mediation Skills for Managers,https://wagner.nyu.edu/education/courses/advanced-negotiation-and-mediation-skills-for-managers,New York University
Nonprofit Governance,https://wagner.nyu.edu/education/courses/nonprofit-governance,New York University
Fundamentals of Fundraising,https://wagner.nyu.edu/education/courses/fundamentals-fundraising,New York University
Participatory Policymaking,https://wagner.nyu.edu/education/courses/participatory-policymaking,New York University
Surveys and Interviews,https://wagner.nyu.edu/education/courses/surveys-and-interviews,New York University
Building Effective Teams,https://wagner.nyu.edu/education/courses/building-effective-teams,New York University
Project Management,https://wagner.nyu.edu/education/courses/project-management,New York University
Women and Men in the Workplace,https://wagner.nyu.edu/education/courses/women-and-men-workplace,New York University
Taub Seminar: Sustaining Minority Communities - The Jewish Community of 2020,https://wagner.nyu.edu/education/courses/taub-seminar-sustaining-minority-communities-jewish-community-2020,New York University
"Poverty, Inequality, and Policy",https://wagner.nyu.edu/education/courses/poverty-inequality-and-policy,New York University
Policy Formation and Policy Analysis,https://wagner.nyu.edu/education/courses/policy-formation-and-policy-analysis,New York University
"International Economic Development: Governments, Markets, and Communities",https://wagner.nyu.edu/education/courses/international-economic-development-governments-markets-and-communities,New York University
Financing Local Government in Developing Countries,https://wagner.nyu.edu/education/courses/financing-local-government-developing-countries,New York University
Human Resources: Leading Talent Development,https://wagner.nyu.edu/education/courses/human-resources-leading-talent-development,New York University
Foundations of Nonprofit Management,https://wagner.nyu.edu/education/courses/foundations-nonprofit-management,New York University
Developing Management and Leadership Skills,https://wagner.nyu.edu/education/courses/developing-management-and-leadership-skills,New York University
Strategic Management and Leadership,https://wagner.nyu.edu/education/courses/strategic-management-and-leadership,New York University
Community Organizing,https://wagner.nyu.edu/education/courses/community-organizing,New York University
Reflective Practice: Learning from Work,https://wagner.nyu.edu/education/courses/reflective-practice-learning-work,New York University
Composing Your Career,https://wagner.nyu.edu/education/courses/composing-your-career,New York University
Time Management for Setting Goals,https://wagner.nyu.edu/education/courses/time-management-for-setting-goals,New York University
Citation and Research Methods,https://wagner.nyu.edu/education/courses/citation-and-research-methods,New York University
Professional Writing,https://wagner.nyu.edu/education/courses/professional-writing,New York University
Math Review Session,https://wagner.nyu.edu/education/courses/math-review-session,New York University
Excel Computer Module,https://wagner.nyu.edu/education/courses/excel-computer-module,New York University
Independent Reading,https://wagner.nyu.edu/education/courses/independent-reading,New York University
Health Economics: Principles,https://wagner.nyu.edu/education/courses/health-economics-principles,New York University
Principles of Human Resources Management for Healthcare Organizations,https://wagner.nyu.edu/education/courses/principles-human-resources-management-for-healthcare-organizations,New York University
The Business of Healthcare,https://wagner.nyu.edu/education/courses/business-healthcare,New York University
"International Health Policy and Prospects (Geneva, Switzerland)",https://wagner.nyu.edu/education/courses/international-health-policy-and-prospects-geneva-switzerland,New York University
Health Systems and Reform: Comparative International Perspectives,https://wagner.nyu.edu/education/courses/health-systems-and-reform-comparative-international-perspectives,New York University
Comparative Analysis of Health Systems,https://wagner.nyu.edu/education/courses/comparative-analysis-health-systems,New York University
Advanced Health Care Payment Systems,https://wagner.nyu.edu/education/courses/advanced-health-care-payment-systems,New York University
Healthcare Information Technology: Public Policy and Management,https://wagner.nyu.edu/education/courses/healthcare-information-technology-public-policy-and-management,New York University
Global Health Governance and Management,https://wagner.nyu.edu/education/courses/global-health-governance-and-management,New York University
"Microeconomics for Public Management, Planning, and Policy Analysis",https://wagner.nyu.edu/education/courses/microeconomics-for-public-management-planning-and-policy-analysis,New York University
"Statistical Methods for Public, Nonprofit, and Health Management",https://wagner.nyu.edu/education/courses/statistical-methods-for-public-nonprofit-and-health-management,New York University
Capstone: Advanced Projects for Healthcare Leaders II,https://wagner.nyu.edu/education/courses/capstone-advanced-projects-for-healthcare-leaders-ii,New York University
Capstone: Advanced Projects for Healthcare Leaders I,https://wagner.nyu.edu/education/courses/capstone-advanced-projects-for-healthcare-leaders-i,New York University
Capstone: Advanced Research Projects in Quantitative Analysis II,https://wagner.nyu.edu/education/courses/capstone-advanced-research-projects-quantitative-analysis-ii,New York University
Capstone: Advanced Research Projects in Quantitative Analysis I,https://wagner.nyu.edu/education/courses/capstone-advanced-research-projects-quantitative-analysis-i,New York University
Management and Leadership,https://wagner.nyu.edu/education/courses/management-and-leadership,New York University
The Meaning of Leadership,https://wagner.nyu.edu/education/courses/meaning-leadership,New York University
Sustainable Urban Development,https://wagner.nyu.edu/education/courses/sustainable-urban-development,New York University
The Politics of Public Policy,https://wagner.nyu.edu/education/courses/politics-public-policy,New York University
Racial Inequality and Public Policy in the American City,https://wagner.nyu.edu/education/courses/racial-inequality-and-public-policy-american-city,New York University
Introduction to Managing Public Service Organizations,https://wagner.nyu.edu/education/courses/introduction-managing-public-service-organizations,New York University
"Identity, Diversity, and Public Policy",https://wagner.nyu.edu/education/courses/identity-diversity-and-public-policy,New York University
How to Change the World: Advocacy Movements and Social Innovation,https://wagner.nyu.edu/education/courses/how-change-world-advocacy-movements-and-social-innovation,New York University
Leadership: Women and Public Policy,https://wagner.nyu.edu/education/courses/leadership-women-and-public-policy,New York University
LGBTQ Issues in Public Policy,https://wagner.nyu.edu/education/courses/lgbtq-issues-public-policy,New York University
Intelligence and National Security Policymaking,https://wagner.nyu.edu/education/courses/intelligence-and-national-security-policymaking,New York University
Legal and Ethical Approaches to Islam,https://wagner.nyu.edu/education/courses/legal-and-ethical-approaches-islam-0,New York University
Social Entrepreneurship Incubator & Practicum,https://wagner.nyu.edu/education/courses/social-entrepreneurship-incubator-practicum,New York University
Legal and Ethical Approaches to Islam,https://wagner.nyu.edu/education/courses/legal-and-ethical-approaches-islam,New York University
Contemporary Approaches to Islamic Law,https://wagner.nyu.edu/education/courses/contemporary-approaches-islamic-law,New York University
Multi-Faith Leadership in the 21st Century,https://wagner.nyu.edu/education/courses/multi-faith-leadership-21st-century,New York University
Contemporary Approaches to Jewish Law,https://wagner.nyu.edu/education/courses/contemporary-approaches-jewish-law,New York University
Urban Planning: Methods and Practice,https://wagner.nyu.edu/education/courses/urban-planning-methods-and-practice,New York University
Public Policy and Planning in New York,https://wagner.nyu.edu/education/courses/public-policy-and-planning-new-york,New York University
Spatial Analysis and Visualization,https://wagner.nyu.edu/education/courses/spatial-analysis-and-visualization,New York University
Urban Economics,https://wagner.nyu.edu/education/courses/urban-economics,New York University
Real Estate Finance,https://wagner.nyu.edu/education/courses/real-estate-finance,New York University
Urban Transportation Planning,https://wagner.nyu.edu/education/courses/urban-transportation-planning,New York University
History and Theory of Planning,https://wagner.nyu.edu/education/courses/history-and-theory-planning,New York University
"Land Use, Housing and Community Development Seminar",https://wagner.nyu.edu/education/courses/land-use-housing-and-community-development-seminar,New York University
"Transforming Cities: Public-Private Partnerships, Public Spaces, Politics & the Press",https://wagner.nyu.edu/education/courses/transforming-cities-public-private-partnerships-public-spaces-politics-press,New York University
International Development Project Planning,https://wagner.nyu.edu/education/courses/international-development-project-planning,New York University
Sustainable Cities in a Comparative Perspective,https://wagner.nyu.edu/education/courses/sustainable-cities-comparative-perspective,New York University
"Urbanization and Sustainable Development in a Transitional Economy: Experiencing China (Shanghai, China)",https://wagner.nyu.edu/education/courses/urbanization-and-sustainable-development-transitional-economy-experiencing-china,New York University
"Transportation, Land Use, and Urban Form",https://wagner.nyu.edu/education/courses/transportation-land-use-and-urban-form,New York University
Wealth and Inequality: Asset Development and Poverty Reduction Policies in the U.S.,https://wagner.nyu.edu/education/courses/wealth-and-inequality-asset-development-and-poverty-reduction-policies-us,New York University
Planning Healthy Neighborhoods,https://wagner.nyu.edu/education/courses/planning-healthy-neighborhoods,New York University
Capstone: Independent Research,https://wagner.nyu.edu/education/courses/capstone-independent-research,New York University
NGO Accountability,https://wagner.nyu.edu/education/courses/ngo-accountability,New York University
Nonprofit Sector Analysis and Evolution: The LGBT Case,https://wagner.nyu.edu/education/courses/nonprofit-sector-analysis-and-evolution-lgbt-case,New York University
Healthcare Law and Ethics,https://wagner.nyu.edu/education/courses/healthcare-law-and-ethics,New York University
Comparative Land Use Planning,https://wagner.nyu.edu/education/courses/comparative-land-use-planning,New York University
Urban Innovations in Latin America,https://wagner.nyu.edu/education/courses/urban-innovations-latin-america,New York University
Education and Social Policy,https://wagner.nyu.edu/education/courses/education-and-social-policy,New York University
Race and Class in American Cities,https://wagner.nyu.edu/education/courses/race-and-class-american-cities,New York University
Capstone: Advanced Projects for Global Policy Leaders I,https://wagner.nyu.edu/education/courses/capstone-advanced-projects-for-global-policy-leaders-i,New York University
Quantitative Analysis for Public Policy,https://wagner.nyu.edu/education/courses/quantitative-analysis-for-public-policy,New York University
The Economics of Public Policy,https://wagner.nyu.edu/education/courses/economics-public-policy,New York University
Public Policy and Obesity Research,https://wagner.nyu.edu/education/courses/public-policy-and-obesity-research,New York University
Multi-Faith Leadership in the 21st Century,https://wagner.nyu.edu/education/courses/multi-faith-leadership-21st-century-0,New York University
Contemporary Approaches to Jewish Law,https://wagner.nyu.edu/education/courses/contemporary-approaches-jewish-law-0,New York University
"Capstone: Advanced Projects in Policy, Management, Finance, and Advocacy I",https://wagner.nyu.edu/education/courses/capstone-advanced-projects-policy-management-finance-and-advocacy-i,New York University
"Capstone: Advanced Projects in Policy, Management, Finance, and Advocacy II",https://wagner.nyu.edu/education/courses/capstone-advanced-projects-policy-management-finance-and-advocacy-ii,New York University
"Capstone: Advanced Projects in Health Finance, Management, and Policy I",https://wagner.nyu.edu/education/courses/capstone-advanced-projects-health-finance-management-and-policy-i,New York University
"Capstone: Advanced Projects in Health Finance, Management, and Policy II",https://wagner.nyu.edu/education/courses/capstone-advanced-projects-health-finance-management-and-policy-ii,New York University
Corporate Philanthropy and Engagement,https://wagner.nyu.edu/education/courses/corporate-philanthropy-and-engagement,New York University
Responsible Governance,https://wagner.nyu.edu/education/courses/responsible-governance,New York University
Urban Innovation: New Ideas in Policy Management & Planning,https://wagner.nyu.edu/education/courses/urban-innovation-new-ideas-policy-management-planning,New York University
"Identity, Policy and Politics",https://wagner.nyu.edu/education/courses/identity-policy-and-politics,New York University
LGBTQ Issues in Public Policy,https://wagner.nyu.edu/education/courses/lgbtq-issues-public-policy-0,New York University
Managing Humanitarian Challenges: Delivery and Logistics,https://wagner.nyu.edu/education/courses/managing-humanitarian-challenges-delivery-and-logistics,New York University
Public Policy and Obesity Research,https://wagner.nyu.edu/education/courses/public-policy-and-obesity-research-0,New York University
Contracts: What the Non-Lawyer Should Know,https://wagner.nyu.edu/education/courses/contracts-what-non-lawyer-should-know,New York University
Online Engagement: Making Your Nonprofit Matter in the Digital Space,https://wagner.nyu.edu/education/courses/online-engagement-making-your-nonprofit-matter-digital-space,New York University
Marketing for Nonprofit Organizations,https://wagner.nyu.edu/education/courses/marketing-nonprofit-organizations,New York University
Conflict Management and Negotiation (EMPA),https://wagner.nyu.edu/education/courses/conflict-management-and-negotiation-empa,New York University
Communications and Branding for Nonprofits (EMPA),https://wagner.nyu.edu/education/courses/communications-and-branding-for-nonprofits-empa,New York University
The Politics of Islam,https://wagner.nyu.edu/education/courses/politics-islam,New York University
American Presidential Campaigns,https://wagner.nyu.edu/education/courses/american-presidential-campaigns,New York University
Normative Issues in Public Policy,https://wagner.nyu.edu/education/courses/normative-issues-public-policy,New York University
"Race, Identity, and Inclusion in Organizations (EMPA)",https://wagner.nyu.edu/education/courses/race-identity-and-inclusion-organizations-empa,New York University
Strategic Philanthropy (EMPA),https://wagner.nyu.edu/education/courses/strategic-philanthropy-empa,New York University
Multi-Sector Partnerships (EMPA),https://wagner.nyu.edu/education/courses/multi-sector-partnerships-empa,New York University
Political Participation and Policy,https://wagner.nyu.edu/education/courses/political-participation-and-policy,New York University
Advanced GIS: Interactive Web Mapping and Spatial Data Visualization,https://wagner.nyu.edu/education/courses/advanced-gis-interactive-web-mapping-and-spatial-data-visualization,New York University
Advanced GIS: Topics in Spatial Analysis,https://wagner.nyu.edu/education/courses/advanced-gis-topics-spatial-analysis,New York University
Building Effective Teams (EMPA),https://wagner.nyu.edu/education/courses/building-effective-teams-empa,New York University
Corporate Social Responsibility: Social Finance Partnerships and Models,https://wagner.nyu.edu/education/courses/corporate-social-responsibility-social-finance-partnerships-and-models,New York University
Terrorism and Counterterrorism Policy,https://wagner.nyu.edu/education/courses/terrorism-and-counterterrorism-policy,New York University
Organizing for Success in a Value-Based Payment World,https://wagner.nyu.edu/education/courses/organizing-for-success-value-based-payment-world,New York University
The Making of a Healthcare Entrepreneur,https://wagner.nyu.edu/education/courses/making-healthcare-entrepreneur,New York University
Behavioral Economics and Public Policy Design,https://wagner.nyu.edu/education/courses/behavioral-economics-and-public-policy-design,New York University
Immigration Politics and Policy -- Past and Present,https://wagner.nyu.edu/education/courses/immigration-politics-and-policy-past-and-present,New York University
Large Scale Data Analysis II,https://wagner.nyu.edu/education/courses/large-scale-data-analysis-ii,New York University
Data for Social Innovation,https://wagner.nyu.edu/education/courses/data-for-social-innovation,New York University
"Markets, Design and the City",https://wagner.nyu.edu/education/courses/markets-design-and-city,New York University
Large Scale Data Analysis I,https://wagner.nyu.edu/education/courses/large-scale-data-analysis-i,New York University
Risk Management: Nonprofit Leadership in a High Stakes Environment (EMPA),https://wagner.nyu.edu/education/courses/risk-management-nonprofit-leadership-high-stakes-environment-empa,New York University
Risk Management: Nonprofit Leadership in a High Stakes Environment,https://wagner.nyu.edu/education/courses/risk-management-nonprofit-leadership-high-stakes-environment,New York University
Leading Change in Healthcare Organizations: Practical Strategies,https://wagner.nyu.edu/education/courses/leading-change-healthcare-organizations-practical-strategies,New York University
Fundamentals of Fundraising (EMPA),https://wagner.nyu.edu/education/courses/fundamentals-fundraising-empa,New York University
Excel Computer Module II,https://wagner.nyu.edu/education/courses/excel-computer-module-ii,New York University
"Public Space and Urban Identity: Theory, Policy, Politics, and Design",https://wagner.nyu.edu/education/courses/public-space-and-urban-identity-theory-policy-politics-and-design,New York University
Segregation and Public Policy,https://wagner.nyu.edu/education/courses/segregation-and-public-policy,New York University
Transformative Participation for Democratic Practice,https://wagner.nyu.edu/education/courses/transformative-participation-for-democratic-practice,New York University
Communicating Public Policy in the Digital Era,https://wagner.nyu.edu/education/courses/communicating-public-policy-digital-era,New York University
Community Organizing (EMPA),https://wagner.nyu.edu/education/courses/community-organizing-empa,New York University
Capstone: Advanced Lab in Social Innovation I,https://wagner.nyu.edu/education/courses/capstone-advanced-lab-social-innovation-i,New York University
Capstone: Advanced Lab in Social Innovation II,https://wagner.nyu.edu/education/courses/capstone-advanced-lab-social-innovation-ii,New York University
Human Resources: Leading Talent Development (EMPA),https://wagner.nyu.edu/education/courses/human-resources-leading-talent-development-1,New York University
"Designing Data Collection for Program Evaluation, Policy, and Management",https://wagner.nyu.edu/education/courses/designing-data-collection-for-program-evaluation-policy-and-management,New York University
Using Large Data Sets in Policy Research,https://wagner.nyu.edu/education/courses/using-large-data-sets-policy-research,New York University
"Introduction to Database Design, Management, and Security",https://wagner.nyu.edu/education/courses/introduction-database-design-management-and-security,New York University
Big Data Analytics for Public Policy,https://wagner.nyu.edu/education/courses/big-data-analytics-for-public-policy,New York University
Geographic Information Systems,https://wagner.nyu.edu/education/courses/geographic-information-systems,New York University
"Science, Technology, and Innovation Policy",https://wagner.nyu.edu/education/courses/science-technology-and-innovation-policy,New York University
Constructing National Development Strategies,https://wagner.nyu.edu/education/courses/constructing-national-development-strategies,New York University
The Realities of Managing Complex Health Systems,https://wagner.nyu.edu/education/courses/realities-managing-complex-health-systems,New York University
Current Debates in US National Food Politics/Policy,https://wagner.nyu.edu/education/courses/current-debates-us-national-food-politicspolicy,New York University
Leading Values-Based Culture in Nonprofit Organizations,https://wagner.nyu.edu/education/courses/leading-values-based-culture-nonprofit-organizations,New York University
Leading Values-Based Culture in Nonprofit Organizations (EMPA),https://wagner.nyu.edu/education/courses/leading-values-based-culture-nonprofit-organizations-empa,New York University
Financing Urban Government,https://wagner.nyu.edu/education/courses/financing-urban-government-0,New York University
What Really Matters? Leadership with No Regrets,https://wagner.nyu.edu/education/courses/what-really-matters-leadership-no-regrets,New York University
Elections in Action,https://wagner.nyu.edu/education/courses/elections-action,New York University
"Gender, Race, and Reproductive Justice in the U.S.",https://wagner.nyu.edu/education/courses/gender-race-and-reproductive-justice-us,New York University
Communication Skills for Public Service,https://wagner.nyu.edu/education/courses/communication-skills-for-public-service,New York University
Managing for Environmental Sustainability,https://wagner.nyu.edu/education/courses/managing-for-environmental-sustainability,New York University
Managed Care: Impact on Healthcare Decision Making,https://wagner.nyu.edu/education/courses/managed-care-impact-healthcare-decision-making,New York University
R Coding for Public Policy,https://wagner.nyu.edu/education/courses/r-coding-for-public-policy,New York University
Python Coding for Public Policy,https://wagner.nyu.edu/education/courses/python-coding-for-public-policy,New York University
"US Climate Policy, Politics, and Change",https://wagner.nyu.edu/education/courses/us-climate-policy-politics-and-change,New York University
Public Policy in an Era of Disruption,https://wagner.nyu.edu/education/courses/public-policy-era-disruption,New York University
"The Intersection of Operations, Policy, and Leadership (EMPA)",https://wagner.nyu.edu/education/courses/intersection-operations-policy-and-leadership-empa,New York University
Environmental Economics,https://wagner.nyu.edu/education/courses/environmental-economics,New York University
Urban Research Seminar,https://wagner.nyu.edu/education/courses/urban-research-seminar,New York University
Management Consulting for Public Service Organizations,https://wagner.nyu.edu/education/courses/management-consulting-for-public-service-organizations,New York University
Urban Plan Practicum,https://wagner.nyu.edu/education/courses/urban-plan-practicum,New York University
The Practice of Adaptive Leadership,https://wagner.nyu.edu/education/courses/practice-adaptive-leadership,New York University
Strategic Communications for Advocacy,https://wagner.nyu.edu/education/courses/strategic-communications-for-advocacy,New York University
Project Management,https://wagner.nyu.edu/education/courses/project-management-1,New York University
"Poverty, Inequality, and Policy (EMPA)",https://wagner.nyu.edu/education/courses/poverty-inequality-and-policy-empa,New York University
Design Thinking in Urban Planning Workshop,https://wagner.nyu.edu/education/courses/design-thinking-urban-planning-workshop,New York University
Topics in Urban Design,https://wagner.nyu.edu/education/courses/topics-urban-design,New York University
Transportation Policy and Behavior,https://wagner.nyu.edu/education/courses/transportation-policy-and-behavior-0,New York University
"Introduction to Structured Finance: Strategies for Municipal, Health and Corporate Finance",https://wagner.nyu.edu/education/courses/introduction-structured-finance-strategies-for-municipal-health-and-corporate,New York University
Corporate Finance and Public Policy,https://wagner.nyu.edu/education/courses/corporate-finance-and-public-policy,New York University
Environmental Finance and Social Impact,https://wagner.nyu.edu/education/courses/environmental-finance-and-social-impact,New York University
NYU Impact Investment Fund I,https://wagner.nyu.edu/education/courses/nyu-impact-investment-fund-i,New York University
NYU Impact Investment Fund II,https://wagner.nyu.edu/education/courses/nyu-impact-investment-fund-ii,New York University
Financial Management for Health Care Orgs - I: Financial Management and Budgeting,https://wagner.nyu.edu/education/courses/financial-management-for-health-care-orgs-i-financial-management-and-budgeting,New York University
Financial Management for Health Care Orgs - II: Capital Financing and Advanced Issues,https://wagner.nyu.edu/education/courses/financial-management-for-health-care-orgs-ii-capital-financing-and-advanced,New York University
Debt Financing and Management for Public Organizations,https://wagner.nyu.edu/education/courses/debt-financing-and-management-for-public-organizations,New York University
Topics in Municipal Finance,https://wagner.nyu.edu/education/courses/topics-municipal-finance,New York University
"Introduction to Data Analytics for Public Policy, Administration, and Management",https://wagner.nyu.edu/education/courses/introduction-data-analytics-for-public-policy-administration-and-management,New York University
Leveraging Nonprofit Leadership for Organizational Success,https://wagner.nyu.edu/education/courses/leveraging-nonprofit-leadership-for-organizational-success,New York University
Topics in Urban Studies: City Leadership,https://wagner.nyu.edu/education/courses/topics-urban-studies-city-leadership,New York University
Introduction to Health Policy and Management,https://wagner.nyu.edu/education/courses/introduction-health-policy-and-management,New York University
Estimating Impacts in Policy Research,https://wagner.nyu.edu/education/courses/estimating-impacts-policy-research,New York University
Multiple Regression and Introduction to Econometrics,https://wagner.nyu.edu/education/courses/multiple-regression-and-introduction-econometrics,New York University
Topics in Housing and Community Development,https://wagner.nyu.edu/education/courses/topics-housing-and-community-development,New York University
The Economics of Education: Policy and Finance,https://wagner.nyu.edu/education/courses/economics-education-policy-and-finance,New York University
Capstone: Advanced Projects in Urban Planning I,https://wagner.nyu.edu/education/courses/capstone-advanced-projects-urban-planning-i,New York University
Capstone: Advanced Projects in Urban Planning II,https://wagner.nyu.edu/education/courses/capstone-advanced-projects-urban-planning-ii,New York University
Capstone: Advanced Projects in International Policy and Management I,https://wagner.nyu.edu/education/courses/capstone-advanced-projects-international-policy-and-management-i,New York University
Capstone: Advanced Projects in International Policy and Management II,https://wagner.nyu.edu/education/courses/capstone-advanced-projects-international-policy-and-management-ii,New York University
Social Impact Investment,https://wagner.nyu.edu/education/courses/social-impact-investment,New York University
Health Economics: Topics in Domestic Health Policy,https://wagner.nyu.edu/education/courses/health-economics-topics-domestic-health-policy,New York University
Globalization and Global Governance,https://wagner.nyu.edu/education/courses/globalization-and-global-governance,New York University
Leading on Disability in Public Service,https://wagner.nyu.edu/education/courses/leading-disability-public-service,New York University
Policy Advocacy Evaluation: Designing Rigorous and Useful Evaluations,https://wagner.nyu.edu/education/courses/policy-advocacy-evaluation-designing-rigorous-and-useful-evaluations,New York University
Environmental Infrastructure for Sustainable Cities,https://wagner.nyu.edu/education/courses/environmental-infrastructure-for-sustainable-cities,New York University
EMPA Seminar: Strategic Leadership for Public Service Organizations,https://wagner.nyu.edu/education/courses/empa-seminar-strategic-leadership-for-public-service-organizations,New York University
EMPA Seminar: Leadership Confronted,https://wagner.nyu.edu/education/courses/empa-seminar-leadership-confronted,New York University
Financial Decision Making and Management,https://wagner.nyu.edu/education/courses/financial-decision-making-and-management,New York University
Global Public Policy Analysis,https://wagner.nyu.edu/education/courses/global-public-policy-analysis,New York University
"Institutions, Governance, and Public Sector Reform",https://wagner.nyu.edu/education/courses/institutions-governance-and-public-sector-reform,New York University
Introduction to Health Policy and Management for Nurse Leaders,https://wagner.nyu.edu/education/courses/introduction-health-policy-and-management-for-nurse-leaders,New York University
Continuous Quality Improvement for Healthcare Leaders,https://wagner.nyu.edu/education/courses/continuous-quality-improvement-for-healthcare-leaders,New York University
"Financial Management for Public, Nonprofit, and Health Organizations",https://wagner.nyu.edu/education/courses/financial-management-for-public-nonprofit-and-health-organizations,New York University
Health Services Management,https://wagner.nyu.edu/education/courses/health-services-management,New York University
Methods and Microeconomics Intensive,https://wagner.nyu.edu/education/courses/methods-and-microeconomics-intensive,New York University
Introduction to Public Policy,https://wagner.nyu.edu/education/courses/introduction-public-policy,New York University
Quantitative Methods for Policy Analysis,https://wagner.nyu.edu/education/courses/quantitative-methods-for-policy-analysis,New York University
Communication Skills for Policy Analysts,https://wagner.nyu.edu/education/courses/communication-skills-for-policy-analysts,New York University
Public Economics and Finance,https://wagner.nyu.edu/education/courses/public-economics-and-finance,New York University
"The Practice of Work: Individual, Interpersonal and Organizational Effectiveness",https://wagner.nyu.edu/education/courses/practice-work-individual-interpersonal-and-organizational-effectiveness,New York University
Policy Analysis Studio,https://wagner.nyu.edu/education/courses/policy-analysis-studio,New York University
Applied Data Analysis,https://wagner.nyu.edu/education/courses/applied-data-analysis,New York University
Policy Implementaion,https://wagner.nyu.edu/education/courses/policy-implementaion,New York University
Managing Organizational Change,https://wagner.nyu.edu/education/courses/managing-organizational-change,New York University
Evidence-Based Decision Making for Management and Policy (EMPA),https://wagner.nyu.edu/education/courses/evidence-based-decision-making-for-management-and-policy-empa,New York University
Evidence-Based Decision Making for Management and Policy,https://wagner.nyu.edu/education/courses/evidence-based-decision-making-for-management-and-policy,New York University
Program Analysis and Evaluation,https://wagner.nyu.edu/education/courses/program-analysis-and-evaluation,New York University
Financial Management I,https://wagner.nyu.edu/education/courses/financial-management-i,New York University
Leading Service Delivery,https://wagner.nyu.edu/education/courses/leading-service-delivery,New York University
Law for the Education Policymaker,https://wagner.nyu.edu/education/courses/law-for-education-policymaker,New York University
Data Visualization and Storytelling,https://wagner.nyu.edu/education/courses/data-visualization-and-storytelling,New York University
"Performance Measurement & Management for Public, Nonprofit, & Healthcare Organizations (EMPA)",https://wagner.nyu.edu/education/courses/performance-measurement-management-for-public-nonprofit-healthcare-organizations,New York University
"Performance Measurement and Management for Public, Nonprofit, and Health Care Organizations",https://wagner.nyu.edu/education/courses/performance-measurement-and-management-for-public-nonprofit-and-health-care,New York University
Lean Approaches to Social Innovation,https://wagner.nyu.edu/education/courses/lean-approaches-social-innovation,New York University
Conflict Management and Negotiation,https://wagner.nyu.edu/education/courses/conflict-management-and-negotiation,New York University
Continuous Quality Improvement,https://wagner.nyu.edu/education/courses/continuous-quality-improvement,New York University
Intelligent Cities: Technology Policy and Planning,https://wagner.nyu.edu/education/courses/intelligent-cities-technology-policy-and-planning,New York University
Water Sourcing and Climate Change,https://wagner.nyu.edu/education/courses/water-sourcing-and-climate-change,New York University
"Environmental Planning: Communities, Fairness, and Beyond",https://wagner.nyu.edu/education/courses/environmental-planning-communities-fairness-and-beyond,New York University
Current Issues in Health Policy,https://wagner.nyu.edu/education/courses/current-issues-health-policy,New York University
"Race, Identity, and Inclusion in Organizations",https://wagner.nyu.edu/education/courses/race-identity-and-inclusion-organizations-2,New York University
"Race, Identity, and Inclusion in Organizations",https://wagner.nyu.edu/education/courses/race-identity-and-inclusion-organizations,New York University
The Intersection of Finance and Social Justice,https://wagner.nyu.edu/education/courses/intersection-finance-and-social-justice,New York University
Land Use Law,https://wagner.nyu.edu/education/courses/land-use-law,New York University
Decentralized Development Planning and Policy Reform in Developing Countries,https://wagner.nyu.edu/education/courses/decentralized-development-planning-and-policy-reform-developing-countries,New York University
Social Entrepreneurship and Innovation by Design,https://wagner.nyu.edu/education/courses/social-entrepreneurship-and-innovation-design,New York University
Understanding Social Enterprise,https://wagner.nyu.edu/education/courses/understanding-social-enterprise,New York University
Fundamentals of Accounting,https://wagner.nyu.edu/education/courses/fundamentals-accounting,New York University
Managing Financial and Social Returns of the Social Enterprise,https://wagner.nyu.edu/education/courses/managing-financial-and-social-returns-social-enterprise,New York University
Advanced Financial and Impact Modeling for Nonprofit and Social Enterprises,https://wagner.nyu.edu/education/courses/advanced-financial-and-impact-modeling-for-nonprofit-and-social-enterprises,New York University
Public/Private Finance: Emerging Models and New Partnerships,https://wagner.nyu.edu/education/courses/publicprivate-finance-emerging-models-and-new-partnerships,New York University
Labor Management Cooperation,https://wagner.nyu.edu/education/courses/labor-management-cooperation,New York University
"The Intersection of Operations, Policy, and Leadership",https://wagner.nyu.edu/education/courses/the-intersection-of-operations-and-policy,New York University
Financial Management for Global Nonprofit Organizations,https://wagner.nyu.edu/education/courses/financial-management-for-global-nonprofit-organizations,New York University
Public Management,https://wagner.nyu.edu/education/courses/public-management,New York University
Ethical Issues in Healthcare Management,https://wagner.nyu.edu/education/courses/ethical-issues-healthcare-management,New York University
Investment Management for Public and Nonprofit Organizations,https://wagner.nyu.edu/education/courses/investment-management-for-public-and-nonprofit-organizations,New York University
Urban Research Seminar II,https://wagner.nyu.edu/education/courses/urban-research-seminar-ii,New York University
Communications and Branding for Nonprofits,https://wagner.nyu.edu/education/courses/communications-and-branding-for-nonprofits,New York University
